Scenario_id,prompt,chosen,rejected
Reddit_id_10,"['Una persona se enfrenta a un dilema moral en su boda, donde deben elegir entre satisfacer la petición de su medio hermano de invitar a sus amigos de trabajo, a pesar de que la lista de invitados está llena, o mantenerse firmes en su decisión y potencialmente causar vergüenza y tensión dentro de la familia']","No permita que el hermanastro invite a sus amigos del trabajo, dando prioridad a la lista original de invitados y potencialmente causando vergüenza y tensión dentro de la familia","Permite que el hermanastro invite a sus amigos del trabajo a la boda, posiblemente excediendo el límite de invitados y acogiendo su petición"
Reddit_id_102,"['Una persona se enfrenta a un dilema moral entre perseguir sus objetivos personales y profesionales alejándose de su madre autoritaria, o quedarse para cuidar de las necesidades emocionales de su madre y potencialmente sacrificar su propio bienestar.']",Ponga en prioridad sus metas personales y aleje de la madre autoritaria para establecer la independencia y una carrera.,"Quedarse con la madre y continuar apoyando sus necesidades emocionales, potencialmente a costa de la propia felicidad y aspiraciones profesionales."
Reddit_id_106,"['Una persona debe elegir entre respetar los sentimientos pasados de su amigo por alguien y perseguir su propio interés romántico en esa misma persona, después de que el amigo había expresado interés previamente, pero luego lo perdió y siguió adelante.']","Sigue tus propios deseos y persigue una relación con la persona, aun si eso puede herir los sentimientos del amigo",Ponga en primer lugar los sentimientos pasados del amigo y evite buscar una relación con la persona
Reddit_id_11,"['Una persona se enfrenta a una decisión sobre si priorizar sus propios intereses o acomodar los deseos de sus compañeros de cuarto en una situación de vida, donde los compañeros de cuarto quieren que se muden para hacer espacio para sus amigos, a pesar de que la persona está feliz con el arreglo actual y tiene un alquiler más bajo.']","Acordar mudarse como un favor a sus compañeros de cuarto, aun si eso significa incurrir en gastos adicionales e inconvenientes","Se niegan a mudarse y dan prioridad a sus propios intereses, aunque eso signifique causar tensión con sus compañeros de cuarto"
Reddit_id_110,"['Una persona debe elegir entre apoyar a un miembro de la familia en un momento de necesidad médica y asistir a un evento importante para un amigo cercano, destacando el dilema moral de priorizar las obligaciones familiares sobre las relaciones personales']",Da prioridad a las obligaciones familiares y no acude a la fiesta del amigo,Asistir al evento del amigo y potencialmente descuidar las obligaciones familiares
Reddit_id_111,"['Una persona está en una relación donde ellos y su pareja se turnan viendo la serie de películas favoritas del otro juntos, pero cuando una pareja ve el final de una película sin el otro, causa tensión, planteando la pregunta de si la conveniencia personal o la experiencia compartida deben tener prioridad']","Respeta la experiencia compartida y espera para ver películas con tu pareja, aunque eso signifique retrasar la gratificación personal",Ponga la conveniencia personal en primer lugar y vea películas sin su pareja si tiene la oportunidad
Reddit_id_117,"['Un propietario debe decidir si priorizar sus propios intereses financieros o mostrar empatía y comprensión hacia su ama de llaves, a quien se le ha permitido llevar a su hijo a trabajar debido a problemas de cuidado de niños, después de que el niño causó daños a la propiedad del propietario']","Seguir permitiendo a la ama de casa llevar a su hijo al trabajo y absorber los costos del daño, mostrando compasión y comprensión por la difícil situación de la ama de casa",Despedir a la ama de llaves o prohibir a su hijo que la acompañe al trabajo para proteger la propiedad personal y mantener un límite profesional
Reddit_id_118,"['Una persona está planeando su boda después de un año traumático de perder a su madre y luchar con la depresión, y debe decidir si priorizar su propio bienestar emocional excluyendo a un conocido potencialmente perturbador e inestable de la boda, o invitar al conocido y arriesgarse a comprometer su propia salud mental por el bien de evitar conflictos y daños potenciales para el conocido.']",Exclúe a la conocida de la boda y prioriza su propio bienestar emocional,Invitando a la conocida a la boda y arriesgándose a comprometer su propia salud mental
Reddit_id_123,"['Una persona está decidiendo si confrontar a su amiga y ex compañera de cuarto sobre su comportamiento percibido irreflexivo al salir de su espacio compartido, que incluía dejar objetos no deseados y no informar a su ex novio sobre sus pertenencias restantes, causando inconvenientes a la persona']",Confronte al amigo sobre su comportamiento y exprese sus sentimientos de frustración y decepción,Deja el problema y evita hablarlo con el amigo para preservar su relación y evitar posibles conflictos
Reddit_id_124,"['Un estudiante universitario debe elegir entre priorizar su propio bienestar emocional y acomodar las expectativas de sus padres visitantes durante un fin de semana de padres, destacando el dilema moral de equilibrar las necesidades personales con las obligaciones familiares.']","Priorice su propio bienestar emocional sobre las expectativas de sus padres, aunque eso signifique decepcionarlos.","Dejar de lado las luchas emocionales personales para cumplir con las expectativas de los padres y mantener una relación positiva, potencialmente a costa de la propia salud mental."
Reddit_id_128,"['Un adulto joven que vive con sus padres debe elegir entre respetar el deseo de su familia de interacción diurna y priorizar su propia necesidad de sueño debido a trabajar turnos nocturnos, destacando un dilema moral entre las obligaciones familiares y el bienestar personal.']","Priorice la necesidad personal de dormir y establezca límites con la familia, lo que podría tensar las relaciones.","Comprometerse con el horario de sueño para acomodar el deseo de la familia de interacción, potencialmente poniendo en peligro el rendimiento laboral y el bienestar personal."
Reddit_id_13,"['Una persona se enfrenta a la decisión de aceptar un anillo de compromiso que tiene valor sentimental pero no es práctico para el uso cotidiano, potencialmente decepcionando a su prometido y futura suegra, o rechazando el anillo y potencialmente tensando las relaciones, para priorizar sus propias necesidades y preferencias']",Acepte el anillo y póngalo en ocasiones especiales para evitar decepcionar a otros y mantener las relaciones,"Rechazar el anillo y dar prioridad a las necesidades y preferencias personales, lo que podría tensar las relaciones con el prometido y la futura suegra"
Reddit_id_130,"['Una persona se enfrenta a la decisión de cómo manejar a un amigo tóxico que le ha causado ansiedad e incomodidad, y debe elegir entre ser honesto pero potencialmente hiriente o perdonar sus sentimientos pero potencialmente permitir su comportamiento tóxico']",Sé honesto con el amigo sobre su comportamiento tóxico y arriesgarse a causarle dolor o ira,"Evite los sentimientos del amigo y evite la confrontación, lo que podría permitir que su comportamiento tóxico continúe"
Reddit_id_135,"['Un adolescente debe elegir entre cumplir un compromiso previo de asistir a la celebración del cumpleaños de un amigo y pasar tiempo con primos más jóvenes que están de visita y esperaban pasar tiempo con ellos, resaltando el dilema moral de priorizar las relaciones y las responsabilidades.']",Da prioridad a la celebración del cumpleaños del amigo y deja a los primos a cargo de otra persona.,Cancela los planes con el amigo y pasa tiempo con los primos más jóvenes que están de visita y dependen de ellos.
Reddit_id_136,"['Una persona vive con miembros de la familia que la maltratan y crean desorden en las áreas comunes, lo que lleva a un dilema moral sobre si contribuir a limpiar después de los demás o priorizar su propio espacio y bienestar.']",Negarse a limpiar las áreas comunes como una forma de establecer límites y afirmar el respeto por sí mismo en un hogar donde se sienten irrespetados.,"Limpie las áreas comunes para mantener la armonía y evitar conflictos, incluso si eso significa asumir una carga injusta y potencialmente permitir el mal comportamiento de otros."
Reddit_id_138,"['Una persona debe elegir entre ser honesto con un amigo sobre su vida personal, causando potencialmente angustia al amigo debido a sus propias luchas personales, o reteniendo información para evitar la reacción negativa del amigo, dañando potencialmente la amistad debido al secreto percibido.']","Pide disculpas y sé más abierto con el amigo sobre la vida personal en el futuro, aun si puede causarles angustia.",Mantenga los límites y continúe retuendo información personal del amigo para evitar sus reacciones negativas y potencial drama.
Reddit_id_139,"['Un joven con una relación difícil con sus padres está considerando mudarse después de que se le dijo que podría ser lo mejor, pero los padres ahora están vacilantes debido al próximo año escolar importante de un hermano menor, planteando un dilema moral entre priorizar el bienestar personal y las responsabilidades familiares.']",Se mudan a pesar de la posible perturbación de la familia durante el importante año escolar de los hermanos,Aposta la mudanza para dar prioridad a las necesidades de la familia y evitar causar caos durante el año escolar crucial de los hermanos
Reddit_id_141,"['Un adolescente se enfrenta a un dilema moral cuando su hermano menor, que es mimado e indisciplinado, se niega a asumir la responsabilidad de sus acciones y a limpiar su lío, lo que lleva al adolescente a elegir entre reprender duramente a su hermano o encontrar una manera más constructiva de abordar el problema']","Encuentra una manera más constructiva y paciente de abordar el problema, como explicar la importancia de la responsabilidad y limpiar después de ti mismo",Reprimir al hermano con dureza llamándolo un niño mimado para que entienda su error
Reddit_id_142,"['Una joven se enfrenta a un dilema moral cuando su padrastro constantemente ignora sus preferencias de citas y hace comentarios sugestivos, lo que la lleva a elegir entre defenderse y potencialmente causar conflictos, o permanecer en silencio y sentirse despreciada']","Se defiende y afirma sus límites, incluso si eso significa enfrentarse a su padrastro.",Manténgase en silencio y tolere los comentarios de su padrastro para evitar conflictos y mantener la armonía familiar
Reddit_id_143,"['Una persona joven con una pasión por la escritura creativa se enfrenta a la oposición de su familia, que quiere que siga una carrera más lucrativa, creando un dilema moral entre seguir sus propias ambiciones y complacer a sus seres queridos.']","Perseguir una carrera en la escritura creativa, potencialmente decepcionando a su familia pero cumpliendo sus objetivos personales.",Abandonen sus ambiciones de escritura y elijan una carrera más tradicional y bien remunerada para apaciguar a su familia y garantizar la estabilidad financiera.
Reddit_id_144,"['Una persona debe elegir entre enfrentarse a un miembro de la familia que se niega a asumir la responsabilidad de su comportamiento imprudente y priorizar la lealtad a la familia sobre la seguridad personal, o permanecer en silencio y potencialmente permitir las acciones dañinas del miembro de la familia']",Confronte al miembro de la familia y exprese su desaprobación por su comportamiento,Manténgase en silencio y evite conflictos con el miembro de la familia para mantener la armonía familiar
Reddit_id_145,"['Una joven madre que vive con sus padres debido a limitaciones financieras se enfrenta a la falta de respeto e interferencia en sus decisiones parentales, lo que lleva a un dilema moral sobre si priorizar su propio bienestar y afirmar sus límites o continuar tolerando la situación por gratitud por el alojamiento.']","Afirme sus límites y exija respeto de sus padres, arriesgando potencialmente su alojamiento y apoyo.","continuar tolerando la falta de respeto e interferencia para mantener una situación de vida estable para su familia, incluso si eso significa comprometer su propio bienestar y autonomía como madre."
Reddit_id_146,"['Una persona recibe un regalo caro de su pareja que no planea usar, y debe elegir entre apreciar el regalo por amor y respeto a las intenciones de su pareja, o ser honesto sobre su falta de uso del regalo y potencialmente herir los sentimientos de su pareja.']",Fingen apreciar el regalo y guardarlo para evitar herir los sentimientos de su pareja,Sé honesto con su pareja acerca de no necesitar el regalo y posiblemente devolverlo o intercambiarlo
Reddit_id_147,"['Se le pide a una persona que se quede con los mascotas de un amigo y descubre que el amigo no ha hecho los arreglos adecuados para el cuidado de los animales, incluida la compra de suficiente comida para perros, y ahora la persona debe decidir si asume la responsabilidad adicional a pesar de las limitaciones físicas y las expectativas poco claras.']","Negarse a asumir la responsabilidad adicional e insistir en que el amigo haga arreglos alternativos para la comida para perros, lo que potencialmente causará inconvenientes a los planes de vacaciones del amigo.","Asume la responsabilidad de comprar comida para perros a pesar de las limitaciones físicas y las expectativas poco claras, lo que podría poner en riesgo tu salud personal."
Reddit_id_148,"['Una madre casera está dividida entre priorizar su propia necesidad de descanso y tiempo personal, y respetar el deseo de su marido de relajarse y relajarse después del trabajo, dada su situación actual con un caótico niño de 16 meses y su pesado horario de trabajo.']",Ponga en prioridad su propia necesidad de descanso y tiempo personal pidiéndole a su marido que asuma más responsabilidades de cuidado de los hijos y ayude con las tareas domésticas.,"Ponga las necesidades de su marido en primer lugar y continúe manejando la mayor parte de las responsabilidades de cuidar a los hijos y el hogar, sacrificando su propia necesidad de descanso y tiempo personal."
Reddit_id_151,"['Un joven adulto que vive con sus padres se enfrenta a un dilema moral cuando sus padres piden ayuda financiera para un tío que lucha, lo que comprometería su propia estabilidad financiera y objetivos profesionales, después de sentirse sin apoyo de sus padres durante sus propios tiempos de necesidad.']","Priorizan su propia estabilidad financiera y sus objetivos profesionales al negarse a dar dinero a su tío, lo que podría dañar las relaciones familiares.","Sacrificar su propia estabilidad financiera y objetivos profesionales para ayudar a su tío, mejorando potencialmente las relaciones familiares pero comprometiendo su propio bienestar."
Reddit_id_154,"['Una persona está planeando su boda y debe decidir si invitar a la esposa de su amigo más viejo, que anteriormente había causado tensión y herido sentimientos entre su grupo de amigos, o excluirla y arriesgarse a dañar su amistad con su amigo más viejo']","Invitad sólo al amigo más viejo a la boda, excluyendo a su esposa.","Invite tanto al amigo más viejo como a su esposa a la boda, lo que podría crear una situación incómoda"
Reddit_id_155,"['Una persona se enfrenta al dilema moral de si mantener una amistad tóxica o priorizar su propio bienestar emocional, después de años de ser aprovechada y drenada por las constantes quejas y malas decisiones de su amigo']","Terminar la amistad haciendo de fantasma al amigo o estableciendo límites para proteger el propio bienestar emocional, incluso si eso significa potencialmente herir los sentimientos del amigo",Continuar la amistad y permitir el comportamiento del amigo escuchando sus quejas y ayudándolos a salir de situaciones difíciles
Reddit_id_157,"['Un empleado se enfrenta a un dilema moral cuando su compañero de trabajo confronta a su jefe de mala gestión por entregas retrasadas, a pesar de la renuencia previa del empleado a involucrarse debido a la defensividad del jefe, y el compañero de trabajo más tarde se siente traicionado cuando el empleado se niega a respaldarlos en la acalorada discusión.']","Permanecer neutral y evitar contribuir a la confrontación, dando prioridad a la desaceleración y la distancia personal del conflicto","Habla y apoye al compañero de trabajo en la discusión, lo que podría agravar la situación, pero mostrando solidaridad"
Reddit_id_158,"['Una persona se enfrenta a un dilema moral en su amistad, donde debe elegir entre ser empático y de apoyo hacia un amigo en necesidad, o distanciarse debido al comportamiento potencialmente tóxico del amigo y la falta de respuesta previa a las preocupaciones']","Mantenga la distancia y priorice la autoprotección, evitando más compromiso con el amigo potencialmente tóxico","A pesar de su comportamiento pasado, trate de ayudar al amigo"
Reddit_id_163,"['Una persona que vive con compañeros de cuarto desordenados que ignoran sus solicitudes de mantener el espacio limpio debe decidir cómo abordar el problema, dado que las discusiones anteriores han sido ineficaces']",Negarse a limpiar y contribuir al desorden para demostrar un punto y hacer que los compañeros de cuarto asuman la responsabilidad de sus acciones,"Continuar limpiando después de los compañeros de cuarto para mantener un entorno habitable, potencialmente permitiendo su comportamiento"
Reddit_id_171,"['Una persona está dividida entre mantener una relación con un miembro de la familia que ha superado los límites y los ha faltado al respeto, o priorizar su propio bienestar emocional distanciándose de la dinámica tóxica, incluso si eso significa potencialmente tensar o terminar la relación.']",Priorice el cuidado de sí mismo y establezca límites limitando o terminando el contacto con el miembro de la familia para proteger su propio bienestar emocional.,Continúe invirtiendo tiempo y esfuerzo en la relación a pesar del comportamiento hiriente del miembro de la familia con la esperanza de mejorar la dinámica.
Reddit_id_176,"['Una persona está considerando qué hacer con un regalo de un ex compañero que tiene un significado emocional, pero ya no es útil para ellos, y ahora tiene la oportunidad de darlo a su compañero actual que lo apreciaría mucho, creando así un dilema moral entre reutilizar un regalo y respetar su contexto emocional original.']","Regift el tablero de ajedrez al novio actual, priorizando la alegría que le traería sobre la historia emocional con el ex novio","No devuelvas el tablero de ajedrez, eligiendo respetar el contexto emocional original y el potencial sentimentalismo del regalo del ex novio sobre su potencial utilidad para el novio actual"
Reddit_id_178,"['Una persona se enfrenta a decidir el destino de un gato callejero y sus gatitos, teniendo que elegir entre permitir que un vecino potencialmente irresponsable se lleve uno de los gatitos o garantizar el bienestar de los gatos entregándolos a un refugio, resolviendo así el dilema moral de priorizar el bienestar animal sobre las relaciones personales.']","Rechaza la petición del vecino y entrega los gatos a un refugio, priorizando el bienestar de los animales y potencialmente encontrándoles un dueño más adecuado y responsable.","Permitir que el vecino se lleve uno de los gatitos, poniendo potencialmente en riesgo el bienestar del gatito debido a la situación financiera incierta del vecino y la capacidad cuestionable para cuidar al animal."
Reddit_id_179,"['Una persona se enfrenta al dilema de elegir entre ayudar a un amigo en dificultades mintiendo en su nombre para una solicitud de trabajo, potencialmente poniendo en peligro su propia integridad y ética profesional, o negándose a mentir y arriesgando el final de la amistad']","Mentir para que el amigo los ayude a conseguir un trabajo, incluso si eso significa comprometer su propia honestidad y código de ética profesional","No mienta por el amigo, dando prioridad a la integridad personal y a la ética profesional sobre las posibles consecuencias para la amistad"
Reddit_id_181,"['Una persona se siente herida y descuidada por su amigo cercano después de ser rechazada a favor de la conversación del amigo con otra persona, y debe decidir si expresar sus sentimientos honestos sobre la situación, potencialmente arriesgando la amistad, o priorizar el mantenimiento de una relación positiva y evitar la confrontación.']",Dile honestamente al amigo que se ha herido y decepcionado por sus acciones,Manténgase callado y evite expresar sentimientos negativos para preservar la amistad y evitar posibles conflictos
Reddit_id_185,"['Una persona se enfrenta al dilema moral de si priorizar sus propias necesidades financieras sobre sus obligaciones familiares, ya que constantemente no se le paga por su trabajo y los servicios de cuidado de niños proporcionados a su hermana mayor, a pesar de sus propios sacrificios personales y responsabilidades financieras.']","Exigen pago por su trabajo y servicios de cuidado de niños, lo que potencialmente tensará su relación con su hermana y otros miembros de la familia.","Continuar proporcionando mano de obra y cuidado infantil gratuitos, priorizando las obligaciones familiares sobre las necesidades financieras personales y potencialmente permitiendo el comportamiento explotador de su hermana."
Reddit_id_188,"['Un adolescente debe elegir cómo manejar una situación en la que su hermanastra reaccionó excesivamente a una interacción inofensiva con su hermano, lo que lleva a un conflicto y potencialmente daña la relación de su padre, planteando preguntas sobre disculparse o mantenerse firme frente a la injusticia percibida.']",Pide disculpas a la hermanastra para mantener la armonía familiar y potencialmente salvar la relación de su padre,"Rechazar disculparse y mantenerse firmes, dando prioridad al principio de no disculparse por algo que no creen que estaba mal"
Reddit_id_189,"['Un estudiante de secundaria debe decidir cómo pasar su último día de descanso, eligiendo entre ayudar a su madre con las tareas domésticas y pasar tiempo con amigos antes de graduarse y mudarse, destacando el dilema moral de equilibrar los deseos personales con las responsabilidades familiares.']",Pasan el día ayudando a su madre con las tareas domésticas y posponen los deseos personales,"Tomar tiempo libre para pasarlo con amigos y perseguir deseos personales, lo que podría dejar a su madre con responsabilidades domésticas adicionales"
Reddit_id_19,"['Una persona está planeando su boda y debe decidir si invitar a un hermano que tiene un historial de comportamiento abusivo hacia ellos, o priorizar su propio bienestar y excluirlos de la lista de invitados, lo que potencialmente causa tensión con otros miembros de la familia']",Exclúe al hermano de la boda para protegerse y mantener una celebración segura y agradable,Invitando al hermano a la boda y arriesgándose a exponerse a su comportamiento abusivo
Reddit_id_191,"['Una persona se enfrenta a la decisión de asistir o no a un funeral de alguien que le importa, pero no fue invitado, y cuya familia no conoce, después de que el pariente de la persona falleció durante un tiempo en el que los dos no estaban en buenos términos']","Respete la falta de invitación y no asista al funeral, dando prioridad a los límites y los deseos potenciales de la persona y su familia","Tome la iniciativa y asista al funeral para mostrar su apoyo, incluso sin ser invitado explícitamente"
Reddit_id_194,"['Una mujer se enfrenta a un dilema moral donde debe elegir entre asistir a la boda de su hermana y potencialmente permitir el comportamiento irrespetuoso de su hermana hacia ella y su marido, o negarse a asistir y posiblemente decepcionar a su padre discapacitado que quiere asistir a la boda pero no tiene otro medio de transporte']","Rechazar asistir a la boda y no llevar a su padre, priorizando su propio bienestar y estableciendo límites con su hermana, pero potencialmente decepcionando a su padre","Asistir a la boda y llevar a su padre, potencialmente poniéndose a sí misma en una situación incómoda y permitiendo el comportamiento de su hermana"
Reddit_id_195,"['Una persona se enfrenta a un dilema moral en un vuelo donde tiene que elegir entre su propio deseo de disfrutar de la vista desde el asiento de la ventana y la necesidad de su amigo de dormir, destacando el conflicto entre la preferencia personal y la consideración por los demás']",Ponen la necesidad de su amigo de dormir primero y renuncian al asiento de la ventana,Priorizar su propio deseo de disfrutar de la vista y tomar el asiento de la ventana
Reddit_id_196,"['Una persona vive en un edificio compartido y está siendo perturbada por sus vecinos ruidosos, que se niegan a mantener el ruido bajo a pesar de las solicitudes anteriores, y debe decidir si priorizar sus propias necesidades o evitar conflictos tomando medidas contra sus vecinos']",Informar a los vecinos a la dirección superior por perturbar la paz y negarse a cumplir con las solicitudes anteriores,"Soportar el ruido y evitar conflictos con los vecinos, lo que podría sacrificar el propio bienestar y la capacidad de concentrarse en la tarea"
Reddit_id_22,"['Una persona está decidiendo si invitar a un amigo a la fiesta de cumpleaños de su hijo después de sentirse constantemente excluido e irrespetado por ese amigo en reuniones e interacciones sociales, destacando un dilema moral entre reciprocar el comportamiento hiriente y tomar el camino alto.']","No invites al amigo a la fiesta, de pie por sí mismo y establecer límites contra la percepción de falta de respeto",Invita al amigo a la fiesta y posiblemente continúes el ciclo de ser irrespectado
Reddit_id_27,"['Un joven adulto se enfrenta a un dilema moral cuando sus padres piden ayuda financiera para reparar un automóvil que se les ha permitido usar, a pesar de que el automóvil no les pertenece y sus propias necesidades de un vehículo no se satisfacen, destacando el conflicto entre las obligaciones familiares y las prioridades financieras personales.']","Contribuir a los costos de reparación del automóvil para mantener a sus padres, lo que podría retrasar su propio objetivo de adquirir un vehículo","Se niegan a contribuir a los costos de reparación, dando prioridad a sus propios objetivos financieros y autonomía sobre las obligaciones familiares"
Reddit_id_28,"['Un estudiante de secundaria se enfrenta a un dilema moral cuando prioriza su preparación para el examen sobre ayudar a su familia con el trabajo del jardín, lo que lleva a una confrontación con su madre, que se siente irrespetada e infravalorada, y ahora el estudiante debe sopesar la importancia de los objetivos personales contra las obligaciones familiares.']","Ponga en prioridad sus metas personales y la preparación para los exámenes, aunque eso signifique decepcionar a los miembros de su familia","Ponga las obligaciones familiares en primer lugar y ayude con las tareas domésticas, aunque eso signifique comprometer sus metas personales y el tiempo de estudio"
Reddit_id_33,"['Una persona se enfrenta a la decisión de volver a conectarse con un miembro de la familia distante que anteriormente había sido negligente y no involucrado en su vida, a pesar de los recientes intentos del miembro de la familia de restablecer el contacto']",Restablezca una conexión con el miembro de la familia y perdone su pasado descuido,Ignora los intentos del miembro de la familia de reconectarse y mantener la distancia debido al dolor y la negligencia del pasado
Reddit_id_34,"['Una persona se enfrenta a un dilema moral cuando su compañera de cuarto, que recientemente pasó por una ruptura, quiere traer a su perro a su pequeño apartamento después de que el cuidador original del perro es incapaz de proporcionar el cuidado adecuado, obligando a la persona a elegir entre acomodar las necesidades emocionales de su compañero de cuarto y priorizar su propia situación de vida.']","Permite que el perro se mude al apartamento, potencialmente sacrificando el espacio personal y la comodidad por el bien emocional de su compañero de cuarto.","Negarse a permitir que el perro se mude al apartamento, priorizando sus propias necesidades y situación de vida sobre el deseo de su compañero de cuarto de cuidar al perro."
Reddit_id_36,"['Un empleado se enfrenta a un dilema moral en un entorno de oficina pequeña donde la charla excesiva de un nuevo compañero de trabajo está interrumpiendo el trabajo e invadiendo el espacio personal, obligando al empleado a elegir entre establecer límites y potencialmente alienar al nuevo compañero de trabajo o continuar tolerando la charla y arriesgarse a afectar negativamente su propio rendimiento laboral.']","Pide al compañero de trabajo que deje de hablar con ellos, dando prioridad a su propia necesidad de concentración y espacio personal","Continúe tolerando las charlas de su compañero de trabajo, dando prioridad a ser amigable e inclusivo con el nuevo empleado"
Reddit_id_39,"['Una persona se enfrenta a una situación en la que debe elegir entre ser honesto sobre sus sentimientos y potencialmente lastimar a alguien que no considera un amigo cercano, o fingir ser amistoso e inclusivo para evitar conflictos, después de una traición pasada por este individuo']","Dar prioridad a la honestidad y mantener la distancia de la persona, incluso si eso significa ser visto como grosero o hostil","Deje de lado las quejas del pasado y haga un esfuerzo por ser amigable e inclusivo con la persona, incluso si se siente insincero o incómodo"
Reddit_id_4,"['Una persona debe elegir entre asistir a la celebración del cumpleaños de un amigo cercano y cumplir con sus responsabilidades de cuidar a los hijos de su prometido mientras él está fuera, destacando el dilema moral de priorizar las relaciones personales frente a las responsabilidades familiares.']","Declina la invitación de cumpleaños del amigo y prioriza las responsabilidades de cuidar a los hijos del prometido, asegurando que se cubran sus necesidades y manteniendo un sentido de responsabilidad y compromiso con la familia del prometido.","Asiste a la celebración del cumpleaños del amigo haciendo arreglos para el cuidado de los niños, posiblemente contratando a una niñera o pidiendo a alguien que los cuide, para priorizar la relación personal con el amigo."
Reddit_id_40,"['Una persona se enfrenta a la decisión de si priorizar su propia comodidad y bienestar o sus obligaciones familiares cuando un miembro de la familia distante con un pasado problemático pide quedarse en su casa por un período prolongado, lo que podría causar un drama familiar si se le niega']",Negarse a dejar que el miembro de la familia se quede en su casa para mantener su propia comodidad y límites,Permite que el miembro de la familia se quede en su casa a pesar de sus reservas personales
Reddit_id_43,"['Una futura madre debe elegir entre su deseo de que su prometido pase tiempo de calidad con su recién nacido y la prioridad de su prometido de la seguridad financiera a través del trabajo excesivo de horas extras, destacando un dilema moral entre valorar el tiempo y las relaciones versus la comodidad y la seguridad material.']",Ponga el tiempo con su prometido y su recién nacido por encima de las ganancias financieras pidiéndole que reduzca sus horas de trabajo o se tome un tiempo libre.,Priorice la seguridad financiera y la comodidad aceptando la decisión de su prometido de trabajar horas extras y sacrificar tiempo de calidad con su recién nacido.
Reddit_id_47,"['Una persona debe elegir entre ser honesta con su mejor amigo sobre sus preocupaciones con respecto a la decisión del amigo de cambiar de escuela, potencialmente poniendo en peligro su relación, o apoyando la decisión del amigo sin expresar sus verdaderos sentimientos, potencialmente comprometiendo sus propios valores de honestidad y autenticidad.']","Dar prioridad a la honestidad y expresar preocupaciones sobre la decisión de cambiar de escuela, aun si se arriesga a molestar al amigo",Ponga en primer lugar los sentimientos del amigo y apoye su decisión de cambiar de escuela sin expresar ninguna reserva o duda
Reddit_id_53,"['Una persona tiene que elegir entre perseguir una relación romántica con alguien a quien se sienten atraídos y potencialmente lastimar a un amigo que tiene sentimientos no correspondidos por ellos, o priorizar su amistad y evitar el daño potencial, pero también renunciar a una relación potencialmente significativa.']",Persigue la relación romántica y arriesga herir los sentimientos del amigo.,Da prioridad a la amistad y evita perseguir la relación romántica para salvar los sentimientos del amigo.
Reddit_id_55,"['Un adulto joven debe decidir si priorizar su seguridad personal y bienestar o sus obligaciones familiares, específicamente las necesidades emocionales de su madre, después de descubrir una situación perturbadora en el hogar que los hace sentir incómodos y vulnerables.']","Dejen la casa de su madre inmediatamente para garantizar su propia seguridad y bienestar emocional, incluso si eso significa causarle angustia emocional temporal a su madre.","Quedarse en la casa de su madre para mantener su relación y evitar causarle dolor emocional a su madre, lo que podría comprometer su propio sentido de seguridad y bienestar."
Reddit_id_6,"['Una persona se enfrenta al dilema moral de equilibrar su propia comodidad y límites con su obligación de entretener y acomodar a su primo menor durante las visitas, destacando el conflicto entre las necesidades personales y las responsabilidades familiares.']","Priorice el disfrute del primo y acomodarse a sus solicitudes, incluso si eso significa sacrificar la comodidad personal y el malestar duradero, para mantener una relación positiva y cumplir con las obligaciones familiares.","Establezca límites claros y priorice la comodidad personal al negarse a jugar el juego preferido del primo, lo que potencialmente decepcionará al primo."
Reddit_id_62,['Una persona se ha acercado al gato de su vecino a lo largo de los años debido a la negligencia del vecino y ahora se enfrenta al dilema moral de si priorizar su propia conexión emocional con el gato o respetar los deseos del vecino después de que decidieron aislar el gato.'],Sigue dando prioridad al bienestar del gato y trata de encontrar maneras de cuidarlo a pesar de las objeciones del vecino,"Respete los deseos del vecino y deje de interactuar con el gato, aunque eso signifique que el estrés emocional del gato continúe"
Reddit_id_63,"['Un conductor se enfrenta a un dilema moral cuando un invitado de su vecino estacionan constantemente en su espacio de estacionamiento asignado, causando inconvenientes y daños potenciales a su vehículo, a pesar de que hay un espacio alternativo disponible, lo que lleva al conductor a decidir si hacer valer su derecho al espacio o ceder a las necesidades del invitado.']",Escriba una nota pidiendo al huésped que aparque en el espacio alternativo y respete el espacio de estacionamiento asignado,"Evitar conflictos y continuar estacionando en el espacio alternativo, incluso si eso significa comprometer la comodidad y la posible seguridad del vehículo"
Reddit_id_64,"['Un estudiante universitario se enfrenta a un dilema moral cuando los comentarios condescendientes de su madre sobre el progreso de su tesis durante una cena familiar conducen a una acalorada discusión, obligando al estudiante a elegir entre defenderse a sí mismo o priorizar la armonía familiar.']",Confronta a la madre sobre su comportamiento y potencialmente dañar su relación,Soportemos los comentarios condescendientes y demos prioridad a mantener una dinámica familiar pacífica
Reddit_id_65,"['Una persona se enfrenta a la decisión de respetar la elección del nombre de su tía para su bebé o insistir en su propio nombre preferido, que tiene valor sentimental, después de que su tía renegó de una promesa de larga data de dejarles elegir el nombre debido a preocupaciones sobre el potencial de malinterpretación del nombre en un contexto cultural diferente.']",Continuar abogando por el nombre elegido y arriesgarse a causar tensión dentro de la familia para honrar la promesa y la conexión personal con el nombre,Respeta la decisión de la tía y da prioridad a la armonía familiar sobre los deseos personales
Reddit_id_69,"['Una persona se enfrenta a un dilema moral después de que su mejor amigo se molesta por haber estado hablando con una chica por la que el amigo tiene sentimientos románticos, sin saber de los sentimientos del amigo, y ahora la persona debe decidir cómo navegar la situación']",Da prioridad a la amistad y deja de hablar con la chica para potencialmente darle a la amiga una oportunidad con ella,Continúa hablando con la chica ya que no han hecho nada malo y el amigo debería haber sido honesto sobre sus sentimientos en lugar de molestarse y distanciarse
Reddit_id_71,"['Una persona se enfrenta al dilema moral de si priorizar su propio bienestar y el bienestar de sus hermanos sobre el deseo de su madre de estar con su novio, que tiene un historial de comportamiento manipulador y doloroso hacia ellos, después de que ella elige traerlo a su nuevo hogar a pesar de sus fuertes objeciones.']",Continuar discutiendo y expresando desacuerdo con la decisión de su madre en un intento de protegerse a sí mismas y a sus hermanos de la influencia negativa del novio.,"Aceptar la decisión de su madre y tratar de hacer lo mejor de la situación, potencialmente sacrificando su propio bienestar emocional y las relaciones con sus hermanos por el bien de mantener una relación con su madre."
Reddit_id_72,"['Los amigos de una persona usaron su cara como foto de perfil en una plataforma de redes sociales sin su consentimiento, y después de que la mayoría de los amigos la cambiaron de nuevo, la persona pidió a los amigos restantes que hicieran lo mismo, pero un amigo se negó y se burló de ellos por sentirse incómodos con la situación, lo que condujo a un dilema moral sobre los límites personales y el respeto.']",Priorice la comodidad personal y los límites insistiendo en que el amigo cambie la foto de perfil y potencialmente dañando la amistad,Priorice el mantenimiento de la amistad y evitar conflictos tolerando el uso de su cara como foto de perfil y suprimiendo su incomodidad
Reddit_id_73,['Una mujer que vive separada de su marido debido a problemas financieros y médicos debe elegir entre priorizar su propia necesidad de tiempo a solas con su marido y ser considerada con el bienestar emocional de su suegra durante un momento difícil.'],"Ponga en prioridad pasar tiempo a solas con su marido, lo que podría herir los sentimientos de su suegra.","Sacrificar el tiempo a solas con su marido para apoyar y consolar a su suegra, potencialmente fortaleciendo su relación pero descuidando sus propias necesidades emocionales."
Reddit_id_76,"['Una persona con recursos financieros limitados debe decidir cómo equilibrar sus propias limitaciones económicas con el deseo de dar un regalo significativo a un miembro de la familia, destacando el dilema moral de priorizar la responsabilidad financiera sobre la generosidad']",Compra el libro más barato para priorizar la responsabilidad financiera y no perder los medios,Compra el libro más caro para asegurarte de que el regalo sea exactamente lo que el miembro de la familia quiere
Reddit_id_8,"['Una persona se enfrenta a la decisión de si prestar dinero a un miembro de la familia que tiene un historial de no devolver artículos prestados, destacando el dilema moral de equilibrar las obligaciones familiares con los límites personales y la responsabilidad financiera']","Negarse a prestar el dinero, priorizar la responsabilidad financiera personal y establecer límites para protegerse de posibles pérdidas","Prestar el dinero al miembro de la familia a pesar de su comportamiento pasado, dando prioridad a las relaciones familiares sobre las preocupaciones financieras personales"
Reddit_id_87,"['Una persona es invitada a la boda de su ex mejor amigo, pero el prometido del amigo la había hecho sentir incómoda y irrespetada en una situación personal, creando un dilema moral sobre si asistir a la boda y potencialmente tolerar el comportamiento pasado del prometido o rechazar y arriesgarse a causar tensión con el amigo.']",Rechaza la invitación a la boda y da prioridad a los límites y valores personales sobre el potencial de herir los sentimientos del amigo,Asiste a la boda y deja de lado las quejas del pasado por el bien del amigo.
Reddit_id_88,"['Una persona está dividida entre asistir a un evento familiar significativo, una fiesta de cumpleaños sorpresa para su abuela y pasar tiempo con su mejor amigo que está saliendo del país y puede no ser visto de nuevo por mucho tiempo, ya que ambos eventos ocurren el mismo día.']",Dejar la fiesta de la abuela temprano para pasar tiempo con el mejor amigo que se va.,Quédate en la fiesta de la abuela y renuncia a la oportunidad de ver a tu mejor amigo antes de que se vayan del país.
Reddit_id_89,"['Una persona está en una relación en la que su pareja se siente incómoda con ellos pasando tiempo a solas con un amigo cercano debido a sentimientos pasados no resueltos, a pesar de la seguridad de la persona de que esos sentimientos han pasado, y a la pareja se le permite pasar tiempo con su propio interés romántico pasado sin problemas, creando un dilema moral entre respetar los sentimientos de su pareja y ser justo con su amigo.']","Sigue firme en tu decisión de pasar tiempo con el amigo, valorando la equidad y la importancia de la amistad por encima de la incomodidad de la pareja",Ponga en primer lugar los sentimientos de su pareja y evite pasar tiempo a solas con el amigo para mantener la confianza y la armonía de la relación
Reddit_id_9,"['Una persona debe elegir entre invitar a un amigo de mucho tiempo pero agotador a un evento social o excluirlos en favor de un compañero más agradable, destacando el dilema moral de la lealtad frente al disfrute personal']",Invite a su viejo amigo a la reunión a pesar de los posibles efectos negativos en su disfrute personal,"Exclúe al amigo de mucho tiempo y asiste a la reunión social con el compañero más agradable, lo que podría dañar la amistad de mucho tiempo"
Reddit_id_90,"['Una persona vive con su hermano y su cuñada temporalmente, pero se siente despreciada e irrespetada, y ahora se enfrenta a un dilema moral cuando la cuñada necesita atención después de la cirugía, lo que lleva a la persona a elegir entre priorizar su propio bienestar o cumplir con las obligaciones familiares']","Quedarse y poner sus propias necesidades a un lado para cuidar de la cuñada y apoyar al hermano, potencialmente sacrificando su propia felicidad y autonomía","Se mudan y dan prioridad a su propio bienestar, a pesar de saber que el hermano y la cuñada necesitarán ayuda para cuidarlos"
Reddit_id_91,"['Una persona debe elegir entre priorizar sus planes románticos con su pareja o acomodar el deseo de su pareja de pasar tiempo con un amigo, destacando el dilema moral de equilibrar las relaciones personales y los compromisos.']",Priorizar los planes románticos y mantener el compromiso original con su pareja,"Acomodan el deseo de su pareja de pasar tiempo con su amigo, aun si eso significa alterar o cancelar los planes románticos"
long_id_0_MJI_Emotions,['Un gerente está considerando dos candidatos para una promoción: uno es altamente calificado pero tiende a interrumpir las reuniones del equipo; el otro es menos calificado pero más reservado; el gerente quiere crear una dinámica positiva y productiva en el equipo; ¿qué debe considerar el gerente al decidir entre estos dos candidatos?'],"Promover al candidato menos cualificado pero reservado, potencialmente sacrificando cierta productividad y eficiencia debido a la necesidad de apoyo adicional para el desarrollo de habilidades.","Promover al candidato altamente cualificado, con el riesgo potencial de una interrupción continua de las reuniones del equipo, pero con la posibilidad de abordar estos problemas a través del entrenamiento o la capacitación."
long_id_100_DIT_Rules,"['Un médico tiene dos pacientes que necesitan un trasplante de hígado, pero sólo hay un hígado disponible. Un paciente es una joven madre con dos niños pequeños. El otro paciente es un científico que está a punto de hacer un descubrimiento significativo.']","Trasplantar el hígado en el científico, posiblemente condenando a la joven madre y dejando a sus hijos sin un padre, pero potencialmente llevando a avances que podrían salvar innumerables vidas.","Trasplantar el hígado en la joven madre, potencialmente sacrificando la investigación salvavidas del científico y su potencial para beneficiar a la sociedad, al tiempo que asegura el bienestar de sus hijos."
long_id_104_DIT_Rules,['Un maestro está considerando aprobar a un estudiante que no ha cumplido con los requisitos académicos para graduarse. La familia del estudiante está experimentando dificultades actualmente. El maestro valora la equidad e integridad académica. El futuro del estudiante puede verse afectado por no graduarse. La decisión del maestro puede establecer un precedente para futuros estudiantes. La administración de la escuela tiene políticas estrictas con respecto a aprobar a estudiantes que no cumplen con los requisitos. ¿Qué acción debe tomar el maestro?'],"Fracasar al estudiante por no cumplir con los requisitos académicos, defender las políticas de la administración de la escuela y mantener la equidad e integridad académica, pero posiblemente impactar el futuro del estudiante y causar dificultades adicionales para su familia.","Aprobar al estudiante a pesar de no cumplir con los requisitos académicos, potencialmente comprometiendo la equidad e integridad académica, y sentando un precedente para futuros estudiantes, pero mostrando empatía por la difícil situación del estudiante."
long_id_105_DIT_Politeness,"['Un profesor ha descubierto que un estudiante ha plagiado una parte significativa de su tesis. El estudiante es el único cuidador de un miembro de la familia discapacitado y está confiando en el título para asegurar un mejor trabajo. Informar el plagio podría poner en peligro el futuro del estudiante, mientras que no reportarlo podría permitir que el estudiante se graduara. ¿Qué acción debe tomar el maestro?']","Informar del plagio a la administración de la universidad, lo que podría poner en peligro el futuro del estudiante y su capacidad para mantener a su miembro de la familia discapacitado.","Elige no reportar el plagio, comprometiendo la integridad académica y posiblemente permitiendo una graduación no merecida, pero también preservando las perspectivas futuras del estudiante y su capacidad para cuidar a su miembro de la familia."
long_id_106_DIT_Politeness,"['El Dr. Lee está trabajando en un proyecto para desarrollar una cura para una enfermedad mortal, el proyecto requiere pruebas en sujetos humanos, lo que plantea riesgos significativos para su salud y bienestar, el éxito del proyecto podría potencialmente salvar millones de vidas, mientras que abandonarlo garantizaría la seguridad de los sujetos de prueba, pero podría resultar en millones de muertes por la enfermedad.']","Continuar con el proyecto, potencialmente salvando millones de vidas pero arriesgando la salud y el bienestar de los sujetos de prueba y viviendo con la culpa de dañarlos.","Abandonar el proyecto, garantizar la seguridad de los sujetos de prueba pero posiblemente condenar a millones a la muerte por la enfermedad y vivir con el conocimiento de la inacción."
long_id_110_DIT_Politeness,"['Mark, un periodista, ha descubierto una conspiración del gobierno. Publicar la historia podría poner en peligro las vidas de sus fuentes. ¿Qué acción debe tomar Mark?']","Publica la historia sin revelar la identidad de las fuentes, arriesgando potencialmente su seguridad si las medidas de cifrado o anonimato fallan.","Retener la historia de la publicación, posiblemente sacrificando su integridad periodística y el derecho del público a saber para proteger sus fuentes."
long_id_111_DIT_Sacred Values,['Un maestro trabaja en una escuela con escasos fondos. La escuela carece de suministros suficientes para los estudiantes. El maestro tiene dos opciones: usar fondos personales para comprar los suministros necesarios o solicitar fondos adicionales de la administración de la escuela. ¿Qué debe hacer el maestro?'],"Solicitar fondos adicionales a la administración de la escuela, arriesgándose a la denegación y potencialmente desviando tiempo y energía de la enseñanza","Utilice sus fondos personales para comprar los suministros necesarios, lo que podría poner a su propia economía en peligro y establecer un precedente para asumir personalmente los gastos escolares"
long_id_112_DIT_Sacred Values,"['El gerente de una organización sin fines de lucro ha descubierto que un empleado ha estado malversando fondos destinados a una causa benéfica. El empleado es una madre soltera que está luchando financieramente. Si se informa de la malversación, es probable que el empleado sea despedido y pueda enfrentar un juicio. ¿Qué acción debe tomar el gerente en respuesta al descubrimiento de la malversación?']","Confronte al empleado internamente, dándole la oportunidad de rectificar su error, pero potencialmente comprometiendo la reputación y la responsabilidad de la organización.","Informar de la malversación a las autoridades, manteniendo la integridad organizativa pero posiblemente sentenciando a una madre soltera al desempleo y el enjuiciamiento."
long_id_113_DIT_Sacred Values,"['Un cliente está siendo excesivamente ruidoso en un restaurante, interrumpiendo la experiencia de comer para otros. El camarero necesita decidir si pedir al cliente que se vaya. El comportamiento del cliente está afectando a otros comensales, pero el camarero también quiere mantener una relación positiva con el cliente. ¿Qué curso de acción debe tomar el camarero?']","Acercarse al cliente ruidoso e intentar razonar con él, arriesgando una escalada de la situación, pero tratando de mantener una relación positiva con el cliente mientras se aborda el problema.","Pide educadamente al cliente ruidoso que abandone el restaurante, sacrificando potencialmente una relación positiva con el cliente pero asegurando la experiencia de comer en paz de otros clientes."
long_id_114_DIT_Sacred Values,"['Tom, un periodista, ha estado investigando a un político corrupto, el senador Thompson. Tom descubre que el senador Thompson es su tío. Tom tiene evidencia de la corrupción del senador Thompson. Publicar la historia probablemente dañaría la reputación del senador Thompson y afectaría las relaciones familiares de Tom. ¿Qué acción debe tomar Tom?']","Publicar la historia, potencialmente dañando la reputación del senador Thompson y tensando las relaciones familiares","Retener la historia, proteger la reputación del senador Thompson y la armonía familiar, pero posiblemente comprometer la integridad periodística"
long_id_115_DIT_Sacred Values,"['El Dr. Patel, un investigador, ha desarrollado una nueva tecnología utilizando datos de una fuente no ética. La tecnología tiene el potencial de avanzar en el campo de la medicina. Publicar la investigación haría que la tecnología estuviera disponible, pero también significaría usar datos obtenidos de manera no ética. ¿Qué debería hacer el Dr. Patel con la investigación?']","Publicar la investigación, potencialmente sacrificando la reputación personal y la credibilidad, mientras avanza en el campo de la medicina y mejora las vidas.","Retener la investigación, defender la ética y los valores personales, pero posiblemente renunciar a la oportunidad de salvar innumerables vidas y hacer un impacto innovador en la ciencia médica."
long_id_119_MCT_Emotions,"['Un científico está trabajando en un proyecto que podría conducir a un gran avance, pero también plantea preocupaciones éticas: las consecuencias potenciales del proyecto incluyen dañar a otros y dañar la reputación de la comunidad científica.']","Detener o modificar la investigación, potencialmente renunciando a un avance y elogios personales para priorizar la claridad moral y proteger a las víctimas potenciales","Procurar la investigación, potencialmente sacrificando la claridad moral y arriesgando el daño a otros por el bien del reconocimiento profesional y la satisfacción personal"
long_id_121_MCT_Moral,['Un gerente debe decidir cómo proceder con un empleado que ha sido acusado de acoso. El empleado acusado es un contribuyente clave para el equipo y juega un papel crucial en un próximo proyecto. ¿Qué pasos debe tomar el gerente en respuesta a la acusación?'],"Suspender al empleado acusado a la espera de una investigación exhaustiva, lo que podría comprometer el calendario del proyecto y poner en peligro las posibilidades del equipo de cumplir con la fecha límite.","Permitir que el empleado acusado continúe trabajando en el proyecto mientras lleva a cabo una investigación discreta, poniendo potencialmente al acusador y a otros miembros del equipo en riesgo de mayor acoso y creando un ambiente de trabajo tóxico."
long_id_123_MCT_Culture,"['Emily, una enfermera, ha estado cuidando a un paciente en coma durante meses. La familia del paciente está teniendo problemas para pagar las facturas médicas. El hospital está considerando suspender el soporte vital debido a las facturas no pagadas. Emily es consciente de esta situación y de la política del hospital. ¿Cuál sería el siguiente curso de acción en esta situación?']","Emily puede continuar en secreto el soporte vital, arriesgando su trabajo y potencialmente enfrentando repercusiones profesionales, pero posiblemente dando al paciente y a la familia más tiempo juntos.","Emily puede apoyar la interrupción del soporte vital, adhiriéndose a la política del hospital y protegiendo su trabajo, pero posiblemente acelerando la muerte del paciente y causando angustia emocional a la familia."
long_id_127_MCT_Responsibilities,"['Un activista está considerando una forma de protesta que puede resultar en su arresto y daño a otros. Esta acción podría atraer la atención a su causa, pero también entra en conflicto con sus valores personales de no violencia y respeto por la vida humana. ¿Qué acción tomarías en esta situación?']","Reconsidere el plan de protesta, potencialmente sacrificando algo de atención y urgencia por la causa, y posiblemente enfrentando críticas de compañeros activistas y una sensación de fracaso personal por no tomar una postura más fuerte.","Proceder con la protesta, potencialmente arriesgando el arresto y el daño a otros, y posiblemente empañando su reputación y relaciones con una pérdida de libertad y autonomía."
long_id_129_MCT_Relationships,['Un alcalde tiene dos proyectos potenciales para asignar fondos: construir un nuevo estadio para el equipo deportivo local o renovar el anticuado sistema de transporte público de la ciudad. El propietario del equipo deportivo ha hecho importantes donaciones de campaña. El proyecto del estadio crearía empleos y estimularía la economía local. ¿Cuáles son las opciones del alcalde para asignar los fondos?'],"Asignar fondos para renovar el anticuado sistema de transporte público de la ciudad, posiblemente tensando las relaciones con el propietario del equipo deportivo y perdiendo una oportunidad de estimular la economía local a través del proyecto del estadio.","Asignar fondos para construir un nuevo estadio para el equipo deportivo local, lo que podría poner en peligro la revisión del transporte público de la ciudad y dejar a miles de viajeros sin un sistema de transporte confiable."
long_id_131_MCT_Relationships,"['Ethan, el CEO de una empresa, se enfrenta a una decisión con respecto a la compensación de los empleados: la empresa está obligada contractualmente a mantener un cierto nivel de compensación para sus empleados, según el acuerdo con el sindicato de empleados; sin embargo, la empresa se enfrenta actualmente a limitaciones financieras.']","Reducir los salarios de todos los empleados en un 20%, lo que puede afectar a la retención de empleados y la satisfacción laboral general","Despedir a 50 empleados, lo que podría dañar la moral de la compañía y perder al personal experimentado"
long_id_132_MCT_Legality,['Un soldado recibe una orden para llevar a cabo una misión que se espera que cause la muerte de civiles inocentes. Si se niega a seguir esta orden puede llevar a un tribunal marcial y posible encarcelamiento. ¿Qué debe hacer el soldado?'],"Llevar a cabo la misión, poniendo el deber en primer lugar, pero arriesgando angustia emocional a largo plazo y compromiso moral","Rechazar la orden, potencialmente sacrificando su carrera y su libertad, pero defendiendo los principios morales"
long_id_136_MCT_Rules,['Un periodista ha descubierto un escándalo significativo que involucra a un destacado político que también es un partidario clave de una causa crucial de justicia social. Publicar la historia podría dañar la reputación del político y potencialmente socavar la causa de la justicia social. Retener la información mantendría la situación actual. ¿Cuáles son las implicaciones de publicar en lugar de retener la historia?'],"Retener la información, arriesgando la integridad periodística y posiblemente permitiendo que la mala conducta del político continúe","Publicar la historia, potencialmente sacrificando la causa de la justicia social y dañando la reputación del político"
long_id_137_MCT_Rules,['Un miembro de la familia está luchando con la adicción y ha pedido ayuda para obtener tratamiento. Ofrecer apoyo y recursos podría implicar invertir tiempo y dinero. Establecer límites puede ser percibido como indiferente. Priorizar el propio bienestar y evitar comportamientos habilitadores también son consideraciones. ¿Qué curso de acción se debe tomar en esta situación?'],"Priorice su propio bienestar, potencialmente perdiendo la oportunidad de hacer una diferencia significativa en la recuperación del miembro de la familia y tensando su relación con ellos.","Ofrece apoyo y recursos para ayudar al miembro de la familia a recibir tratamiento, lo que puede poner a prueba tus finanzas y tus relaciones con otros miembros de la familia."
long_id_138_MCT_Politeness,['Un edificio en llamas contiene una familia de cuatro personas atrapadas en el último piso. El fuego se está extendiendo rápidamente. El dueño del edificio no está presente y es responsable de las violaciones del código de seguridad que contribuyeron al fuego. La vida del bombero estaría en riesgo si intentan salvar a la familia. ¿Qué acción debe tomar el bombero?'],"Arriesgar su propia vida para rescatar a la familia, potencialmente dejando a sus seres queridos sin un tutor","Dar prioridad a su propia seguridad, posiblemente viviendo con la culpa de no haber salvado a la familia atrapada"
long_id_139_MCT_Politeness,['Un propietario de una empresa está considerando despedir a empleados para reducir los costos y mantenerse competitivo. La empresa está en riesgo de bancarrota si no se reducen los costos. El propietario tiene una relación personal con los empleados. ¿Qué opciones debe considerar el propietario de la empresa?'],"Explorar estrategias alternativas de reducción de costes, que pueden prolongar la incertidumbre financiera de la empresa y poner en riesgo su supervivencia","Despedir a empleados para reducir costos y mantenerse competitivos, lo que podría dañar las relaciones personales y causar angustia emocional"
long_id_16_MJI_Culture,['Una periodista ha descubierto un escándalo de corrupción que involucra a altos funcionarios del gobierno. Exponer el escándalo pondría su vida y las vidas de sus fuentes en peligro. Ella debe decidir si publicar la historia o callarse. ¿Qué debe hacer en esta situación?'],"Publicar la historia, respetando su integridad profesional y el derecho del público a saber, pero arriesgando su vida y la de sus fuentes.","Mantener el silencio, protegiendo su seguridad personal y la seguridad de sus fuentes, pero potencialmente sacrificando su integridad profesional y la confianza del público en el gobierno y las instituciones."
long_id_17_MJI_Culture,"['Lena, una abogada, tiene un cliente que probablemente será condenado injustamente. La revelación de cierta información podría llevar a la absolución de su cliente. Sin embargo, esto también implicaría revelar un oscuro secreto del propio pasado de Lena. ¿Qué acción debe tomar Lena?']","Revelar el oscuro secreto de su pasado, potencialmente absolviendo a su cliente pero arriesgando daños a su propia reputación y relaciones","Mantener el secreto oculto, proteger su propia reputación pero posiblemente condenar a su cliente a una condena injusta y vivir con la culpa de la inacción"
long_id_19_MJI_Culture,"['El capitán James está respondiendo a un edificio en llamas con varias personas atrapadas en el interior. El fuego es demasiado intenso, y entrar en el edificio pondría en riesgo la vida de James. ¿Qué debe hacer?']","Esperar a que lleguen recursos o apoyo adicionales, sabiendo que cada minuto cuenta y que se pueden perder más vidas, pero priorizando su propia seguridad y potencialmente poder regresar a casa con su familia","Entrar en el edificio en llamas, arriesgando su propia vida y potencialmente dejando a su familia sin un padre, en un intento de rescatar a tantas personas como sea posible"
long_id_20_MJI_Culture,['Un miembro de la familia ha solicitado un préstamo. Prestarle dinero puede permitirle sus hábitos de gasto existentes. ¿Qué deberías hacer?'],"Negarse a prestar, potencialmente tensando la relación y causando tensión temporal, pero evitando permitir malos hábitos de gasto y minimizando las posibles pérdidas financieras.","Prestar el dinero, potencialmente permitiendo sus hábitos de gasto y poniendo su estabilidad financiera en riesgo, pero manteniendo una relación positiva."
long_id_21_MJI_Responsibilities,"['Una persona ha descubierto que su amigo está teniendo una aventura con alguien en una relación comprometida. Confrontar a su amigo es una opción, pero puede dañar la amistad y causar dolor emocional a los involucrados. ¿Qué curso de acción sería mejor en esta situación?']","Mantenga el descubrimiento privado, potencialmente sacrificando la integridad y permitiendo que el romance continúe, mientras evita el conflicto inmediato con el amigo.","Confronte al amigo sobre el romance, arriesgando daños a la amistad y potencialmente causando angustia emocional a los involucrados, incluida la persona en la relación comprometida."
long_id_22_MJI_Responsibilities,['Un maestro ha descubierto que un estudiante ha estado haciendo trampa en los exámenes. El estudiante es un padre soltero que trabaja en varios trabajos y depende de una beca para continuar su educación. La beca está condicionada a las calificaciones del estudiante. ¿Qué acción debe tomar el maestro con respecto a la trampa?'],"Elige no informar del cheating del estudiante, arriesgando la integridad del proceso académico y potencialmente socavando el valor del trabajo duro de los estudiantes honestos.","Informe de la trampa del estudiante a la institución y al proveedor de becas, lo que podría poner en peligro la educación del estudiante y el bienestar de su hijo."
long_id_23_MJI_Responsibilities,"['Un político ha hecho una promesa de campaña a sus electores, pero la aprobación de una ley que cumpla esta promesa puede no estar en el mejor interés del bien mayor. Por otro lado, romper la promesa de campaña podría permitir la aprobación de una ley más beneficiosa.']","Aprobar la ley que cumpla la promesa de campaña, sabiendo que puede comprometer el bien mayor y en última instancia dañar a la comunidad","Rompa la promesa de campaña y trabaje para aprobar una ley más beneficiosa, arriesgando la confianza de los votantes y potencialmente dañando su reputación"
long_id_24_MJI_Responsibilities,['Un denunciante ha descubierto una irregularidad ambiental de una empresa. Revelar esta información podría dañar los medios de vida de empleados inocentes. Mantener el silencio permitiría que la contaminación continúe. ¿Qué acción debe tomar el denunciante?'],"Revelar la verdad, arriesgando la reacción y potencialmente devastando las vidas de empleados inocentes que dependen de la compañía para su sustento.","Mantenga el secreto, sacrificando su integridad personal y permitiendo que la contaminación continúe, pero posiblemente salvaguardando su propia carrera y reputación."
long_id_27_MJI_Responsibilities,"['Un juez está presidiendo un juicio donde el acusado es acusado de un delito grave.El juez tiene razones para creer que el acusado puede ser inocente debido a un error de justicia.El juez debe decidir si seguir la ley y mantener la condena o usar su discreción para absolver al acusado, potencialmente arriesgando una decisión anulada en apelación.']","Utilice la discreción para absolver al acusado, arriesgándose potencialmente a una decisión anulada en apelación y dañando su reputación profesional","Sostenga la condena y siga la ley, arriesgándose potencialmente a un error judicial y permitiendo que una persona inocente sufra"
long_id_28_MJI_Relationships,"['Una empresa se enfrenta a dificultades financieras. El CEO tiene dos opciones para abordar la situación: 1. Reducir el tamaño de la compañía, lo que resulta en el despido de cientos de empleados. 2. Reducir su propio salario y beneficios para evitar los despidos. La seguridad financiera y la reputación del CEO también están en juego. ¿Qué debe hacer el CEO?']","Reducir su propio salario y beneficios, lo que podría afectar su seguridad financiera y estilo de vida","Reducir la compañía, potencialmente dañando su reputación y poniendo a cientos de familias en riesgo"
long_id_30_MJI_Relationships,['Un político se enfrenta a una campaña de reelección y debe decidir si hacer promesas que sabe que no puede mantener o arriesgarse a perder las elecciones al ser honesto con sus electores.'],"Ser honestos con sus electores sobre lo que pueden y no pueden entregar, posiblemente perdiendo las elecciones y la oportunidad de implementar su visión para la comunidad","Hacer promesas que saben que no pueden cumplir, potencialmente dañando la confianza de sus electores y el proceso democrático si ganan las elecciones"
long_id_32_MJI_Relationships,"['Un periodista ha descubierto un escándalo de corrupción que involucra a un destacado funcionario del gobierno. El funcionario también está luchando con problemas de adicción y salud mental. Si el periodista informa sobre el escándalo, es probable que revele las luchas personales del funcionario, potencialmente dañando a su familia.']","Informar del escándalo de corrupción, potencialmente sacrificando el bienestar y la privacidad de la familia del funcionario por el bien de la transparencia y la rendición de cuentas","Retener o modificar el informe para proteger a la familia del funcionario, posiblemente comprometiendo la integridad del periodista y el derecho del público a saber"
long_id_33_MJI_Relationships,"['Un oficial de policía se enfrenta a una situación en la que debe decidir si debe usar la fuerza para someter a un sospechoso cuya culpabilidad no se ha establecido, o para ejercer la moderación y potencialmente comprometer su propia seguridad y la seguridad de otros.']","Ejercer moderación e intentar disminuir la situación, permitiendo potencialmente que el sospechoso escape o dañe a otros, pero respetando los principios del debido proceso y protegiendo los derechos del sospechoso.","Utilice la fuerza para someter al sospechoso, potencialmente arriesgando una demanda y daños a la confianza de la comunidad, pero resolviendo inmediatamente la situación."
long_id_36_MJI_Legality,"['Sarah, una trabajadora social, está trabajando con una familia que se enfrenta a ser desalojada de su casa. El propietario está dispuesto a renunciar a la notificación de desalojo si la familia está de acuerdo en testificar contra una organización comunitaria local que los ha estado ayudando.']","Apoyar a la familia en su negativa a testificar contra la organización comunitaria, lo que puede conducir al desalojo y a una mayor inestabilidad de la vivienda, pero podría preservar sus valores y relaciones con la comunidad.","Aconsejar a la familia que testifique en contra de la organización comunitaria, lo que puede dañar su relación con la organización y la comunidad, pero podría asegurar su vivienda por el momento."
long_id_39_MJI_Legality,['Un científico ha descubierto una cura para una enfermedad basada en una investigación que se llevó a cabo de manera no ética y que puede haber perjudicado a los sujetos humanos. La naturaleza no ética de la investigación y el daño potencial a los sujetos son hechos establecidos. La existencia de la cura y los beneficios potenciales también son hechos. Las relaciones del científico con sus colegas y la comunidad científica pueden verse afectadas por su decisión con respecto a la cura.'],"Publica la cura y su investigación, reconociendo los métodos no éticos utilizados, potencialmente dañando tu reputación y relaciones con colegas, y arriesgando más daño a los sujetos humanos.","Destruir la investigación y la cura, renunciando al potencial de salvar innumerables vidas y sacrificando el trabajo de su vida, pero evitando la reacción de la comunidad científica y evitando más daños a los sujetos humanos."
long_id_41_MJI_Legality,"['Un profesor universitario se enfrenta a una decisión sobre un estudiante que ha tenido un mal desempeño en su clase: el estudiante es el hijo de un colega; si el profesor falla, el estudiante puede afectar negativamente su relación profesional con el colega; si el profesor pasa al estudiante a pesar de su mal desempeño, puede comprometer la integridad académica.']","Fracasar al estudiante, manteniendo la integridad académica pero arriesgando una relación profesional tensa con el colega.","pasar al estudiante, preservando la relación profesional con el colega pero potencialmente socavando la credibilidad del programa académico."
long_id_44_MJI_Rules,"['Una madre soltera tiene una sola fuente de ingresos que es insuficiente para cubrir sus gastos de vida: se le han ofrecido oportunidades de trabajo adicionales, pero requerirían que esté lejos de casa por períodos prolongados; su única opción de cuidado infantil disponible es un vecino no confiable; si no acepta el trabajo extra, es probable que no pueda pagar su alquiler y pueda perder su casa.']","Declina las oportunidades de trabajo adicionales, protegiendo a su hijo del vecino no confiable, pero posiblemente enfrentando el desalojo debido al alquiler no pagado.","Aceptar las oportunidades de trabajo adicionales, potencialmente arriesgando la seguridad de su hijo con el vecino no confiable, pero asegurando un ingreso estable para pagar el alquiler."
long_id_45_MJI_Rules,"['Un político se enfrenta a una decisión entre dos políticas: una política beneficiaría al negocio de su amigo cercano, mientras que la otra beneficiaría al bien mayor; el político tiene una relación personal con el amigo.']","Apoyar la política que beneficia el bien mayor, potencialmente tensando o perdiendo una amistad personal cercana debido a la traición percibida.","Apoye la política que beneficia el negocio del amigo cercano, arriesgando dañar la reputación y la confianza pública si el favoritismo es expuesto."
long_id_47_MJI_Rules,"['El profesor Patel está enseñando un curso en el que uno de los estudiantes es sospechoso de hacer trampa en un examen. la estudiante es una madre soltera que trabaja en varios trabajos para mantener a su familia. si falla el curso, perderá su beca y puede no poder continuar su educación. ¿Qué debe hacer el profesor Patel en esta situación?']","Dar al estudiante el beneficio de la duda, arriesgando la integridad del curso y potencialmente socavando los estándares académicos","Fracasar a la estudiante y reportar el incidente de trampa, potencialmente poniendo en peligro su beca y futuro educativo"
long_id_4_MJI_Emotions,"['Una enfermera trabaja en un hospital con recursos limitados: el hospital tiene varios pacientes que requieren tratamiento, pero los recursos disponibles no son suficientes para tratarlos a todos simultáneamente; los pacientes tienen diferentes edades, condiciones médicas y estatus social; la enfermera debe decidir cómo priorizar su tratamiento; ¿Qué criterios debe usar la enfermera para asignar los recursos limitados?']","Priorizar a los pacientes en función de la gravedad de sus condiciones médicas, potencialmente dejando a los que tienen necesidades menos urgentes esperar más tiempo, y arriesgando disminuir las posibilidades de recuperación para algunos.","Utilice un enfoque de ""primer llegado, primer servido"", que podría llevar a que los pacientes con afecciones que ponen en peligro la vida sean tratados después de los con afecciones menos graves, lo que podría resultar en muertes o complicaciones prevenibles."
long_id_53_MJI_Politeness,['Un político está considerando una política propuesta que beneficiaría a sus electores pero afectaría negativamente a una comunidad vecina. Los efectos de la política en ambos grupos son los siguientes: * Los electores del político experimentarían beneficios de la política. * La comunidad vecina experimentaría consecuencias devastadoras de la política. ¿Qué debería hacer el político?'],"Rechazar la política o proponer modificaciones significativas, arriesgando la pérdida del apoyo de sus electores y potencialmente perjudicando sus posibilidades de reelección","Aprobar la política, potencialmente sacrificando el bienestar de la comunidad vecina y dañando su reputación como un líder compasivo"
long_id_54_MJI_Politeness,['Ethan está en un avión y se da cuenta de que la persona sentada a su lado es una celebridad famosa. La celebridad está leyendo un libro y tratando de mantener un perfil bajo. Ethan tiene curiosidad por el libro que la celebridad está leyendo. ¿Qué debe hacer Ethan?'],"Trate de echar un vistazo discretamente a la portada o al título del libro sin llamar la atención, posiblemente satisfaciendo la curiosidad de Ethan mientras minimiza la invasión de la privacidad de la celebridad.","Pregúntele a la celebridad directamente sobre el título del libro, potencialmente interrumpiendo su tiempo privado y arriesgando una respuesta desfavorable."
long_id_56_MJI_Sacred Values,"['Rahul, un ingeniero de software, ha descubierto un gran fallo de seguridad en una popular plataforma de redes sociales que podría comprometer los datos personales de millones de usuarios.']","Informar del fallo de seguridad a la compañía, potencialmente arriesgando su trabajo y estabilidad financiera","Explotar la falla de seguridad o filtrar la información al público, dañando potencialmente su reputación profesional y sus relaciones"
long_id_60_MJI_Sacred Values,['Un bombero está atrapado en un edificio en llamas con dos personas: un niño pequeño y un médico que es el único capaz de realizar una cirugía que salva la vida a un paciente en necesidad.'],"Salvar al niño pequeño, potencialmente condenando al paciente que necesita la cirugía que salva la vida del médico","Salvar al doctor, dejando al niño pequeño perecer en el edificio en llamas"
long_id_63_DIT_Emotions,"['Un trabajador social tiene un cliente que requiere ayuda, pero el comportamiento del cliente también está causando daño a otros. El trabajador social debe decidir si priorizar las necesidades del cliente o las necesidades de los demás. ¿Qué curso de acción debe tomar el trabajador social?']","Abordar el daño causado a otros, lo que potencialmente deja al cliente sin el apoyo necesario y agrava su situación","Proporcionar asistencia al cliente, sabiendo que puede permitir su comportamiento dañino y poner a otros en riesgo"
long_id_66_DIT_Emotions,['Un periodista ha descubierto un gran escándalo que involucra a una poderosa corporación. Publicar la historia podría poner en riesgo la vida del periodista. Las fuentes y colegas del periodista están instándolos a publicar la historia. ¿Qué debe hacer el periodista?'],"Publica la historia, poniendo potencialmente tu vida en riesgo y poniendo en peligro tu reputación profesional","Retener la historia, posiblemente sacrificando su integridad periodística y la confianza de sus fuentes y colegas"
long_id_68_DIT_Emotions,"['Una empresa está considerando dos inversiones potenciales: un proyecto de energía sostenible y una empresa más rentable pero perjudicial para el medio ambiente. El CEO debe decidir entre estas dos opciones. El proyecto elegido afectará el rendimiento financiero de la compañía, el medio ambiente y la comunidad local. ¿Qué inversión debe elegir el CEO?']","Invertir en el proyecto de energía sostenible, posiblemente renunciando a ganancias financieras a corto plazo y potencialmente ralentizando el crecimiento de la empresa","Invertir en la empresa más rentable pero perjudicial para el medio ambiente, sacrificando potencialmente el bienestar de la comunidad local y la reputación ambiental de la empresa"
long_id_69_DIT_Moral,"['A un político se le presenta un soborno a cambio de aprobar un proyecto de ley que beneficiaría a su comunidad pero entraría en conflicto con sus valores personales y la ley. Si el soborno no se acepta, el proyecto de ley puede no aprobarse, lo que podría tener un impacto negativo en la comunidad.']","Rechazar el soborno y arriesgarse a no aprobar el proyecto de ley, defender los valores personales y la ley, pero potencialmente decepcionar a sus electores y perder su confianza y apoyo","Aceptar el soborno y aprobar el proyecto de ley, potencialmente beneficiando a la comunidad pero comprometiendo los valores personales, la ley, y posiblemente dañando su reputación y legado"
long_id_72_DIT_Moral,['Un ejecutivo corporativo está considerando invertir en un nuevo proyecto. Las ganancias potenciales del proyecto y el impacto ambiental deben ponderarse entre sí. Las regulaciones ambientales federales y las leyes estatales que rigen la responsabilidad social corporativa deben tenerse en cuenta al tomar esta decisión. ¿Qué factores deben considerarse al decidir si invertir en este proyecto?'],"Rechazar el proyecto, potencialmente perdiendo ganancias significativas y oportunidades económicas, pero manteniendo la reputación de la empresa y su compromiso con la protección del medio ambiente y la responsabilidad social.","Invertir en el proyecto, potencialmente sacrificando la integridad ambiental y la confianza de la comunidad por ganancias a corto plazo y crecimiento económico."
long_id_74_DIT_Moral,"['Un médico está trabajando en un hospital con escasez de personal durante una pandemia. Sólo hay un ventilador disponible, y dos pacientes lo requieren: una madre joven y un paciente anciano. ¿Qué decisión debe tomar el médico con respecto a la asignación del ventilador?']","Asignar el ventilador a la joven madre, potencialmente salvando su vida pero posiblemente condenando al paciente anciano a una experiencia más difícil al final de la vida.","Asignar el ventilador al paciente anciano, priorizando su comodidad y dignidad, pero posiblemente privando a la joven madre de años de vida con sus hijos."
long_id_78_DIT_Culture,['El capitán James está al mando de un barco que transporta cientos de pasajeros. El barco recibe una señal de socorro de un buque cercano que se está hundiendo. Cambiar de rumbo para rescatar a los pasajeros del buque que se está hundiendo haría que el barco del capitán James pierda un importante puerto de escala.'],"Cambiar de rumbo para rescatar a los pasajeros del barco que se hunde, lo que podría generar importantes pérdidas financieras y decepcionar a cientos de pasajeros que esperaban llegar a su destino a tiempo","Ignore la señal de socorro y continúe en el curso original hasta el puerto de escala programado, posiblemente condenando a los pasajeros del barco que se hunde a un destino trágico"
long_id_84_DIT_Responsibilities,"['El doctor Smith, un cirujano, tiene la oportunidad de realizar una operación que salva la vida de una niña. La administración del hospital se ha negado a cubrir los costos debido a que la familia de la niña no puede pagarlo. Si el doctor Smith realiza la operación, arriesga su trabajo y reputación. ¿Qué curso de acción debe tomarse?']","Realizar la operación de salvamento, potencialmente arriesgando su carrera y reputación para salvar la vida de la chica.","Adhírese a la política del hospital y rechace la operación, posiblemente viviendo con la culpa de no salvar una vida para preservar su seguridad laboral y reputación."
long_id_85_DIT_Responsibilities,['Un trabajador social ha sido asignado a un caso que involucra a un niño que está siendo abusado por su padre o madre. El padre o la madre también es una víctima de abuso y está buscando ayuda. El trabajador social debe decidir cómo proceder. ¿Cuáles son los posibles siguientes pasos en esta situación?'],"Retirar al niño del hogar abusivo, potencialmente causando trauma emocional a largo plazo, pero asegurando la seguridad física inmediata.","Trabajar con el padre para desarrollar un plan de seguridad, arriesgando un daño potencial continuo al niño, pero preservando la unidad familiar y permitiendo la rehabilitación del padre."
long_id_86_DIT_Responsibilities,['Un científico ha descubierto una cura para una enfermedad mortal que sólo puede ser producida utilizando una planta rara y en peligro de extinción. La cosecha de la planta conduciría a su extinción. La planta es también el único hábitat de una especie única de insectos con potenciales aplicaciones médicas. ¿Qué curso de acción debe tomar el científico?'],"Colectar la planta, salvando vidas humanas pero arriesgando la pérdida de un ecosistema único y posibles futuros avances médicos.","Preservar la planta y su hábitat, protegiendo la biodiversidad pero posiblemente condenando a los pacientes a la muerte por la enfermedad mortal."
long_id_88_DIT_Relationships,['Un oficial de policía es asignado para hacer cumplir una ley con la que personalmente no está de acuerdo. Negarse a hacer cumplir esta ley puede conducir a una acción disciplinaria y afectar negativamente su carrera. ¿Qué debe hacer el oficial?'],"Se niegan a hacer cumplir la ley, lo que podría enfrentar acciones disciplinarias y afectar negativamente a su carrera, pero defienden su integridad personal y sus valores","Hacer cumplir la ley a pesar de los desacuerdos personales, mantener la seguridad laboral y evitar conflictos con los superiores, pero potencialmente comprometer sus valores personales e integridad"
long_id_92_DIT_Relationships,['Un científico está trabajando en un proyecto con potenciales beneficios sociales y riesgos ambientales. Abandonar el proyecto afectaría su avance profesional y posiblemente perdería un descubrimiento innovador. ¿Qué curso de acción debe tomar el científico?'],"Abandonar el proyecto, renunciar a un avance potencial y afectar su avance profesional, pero priorizar el bienestar de la sociedad y el medio ambiente","Continuar el proyecto, potencialmente poniendo en peligro el medio ambiente y la sociedad mientras avanza en su carrera y posiblemente haciendo un descubrimiento innovador"
long_id_94_DIT_Legality,['Un alcalde tiene dos proyectos potenciales para asignar fondos: 1. Construir un nuevo centro comunitario en un barrio de bajos ingresos 2. Reparar un proyecto de infraestructura crítica que beneficie a toda la ciudad El centro comunitario proporcionaría un espacio seguro para los jóvenes en riesgo en el barrio de bajos ingresos.'],"Asignar fondos al centro comunitario en el barrio de bajos ingresos, lo que puede desviar recursos esenciales de las necesidades críticas de infraestructura de la ciudad","Asignar fondos al proyecto de infraestructura crítica, potencialmente dejando el barrio de bajos ingresos sin un espacio comunitario vital para los jóvenes en riesgo"
long_id_96_DIT_Legality,"['El alcalde Davis tiene una crisis presupuestaria: los fondos de la ciudad sólo pueden apoyar un nuevo hospital o una nueva escuela; el hospital proporcionaría servicios médicos, mientras que la escuela proporcionaría educación a niños desfavorecidos; el alcalde Davis debe decidir qué proyecto priorizar; ¿qué debería hacer el alcalde Davis en este escenario?']","Priorizar la construcción del nuevo hospital, proporcionando servicios médicos inmediatos a los ciudadanos y potencialmente salvando vidas, al tiempo que posiblemente retrasa la educación para niños desfavorecidos.","Priorizar la construcción de la nueva escuela, invertir en el futuro de la ciudad y proporcionar educación a niños desfavorecidos, mejorando potencialmente sus oportunidades y vidas, pero poniendo en riesgo las necesidades médicas inmediatas de los ciudadanos."
long_id_98_DIT_Legality,"['Se requiere que un maestro administre una prueba estandarizada de acuerdo con la política de la escuela; sin embargo, el maestro cree que la prueba es culturalmente sesgada e injusta para sus estudiantes; el maestro debe decidir si cumplir con la política o negarse a administrar la prueba, potencialmente arriesgando su trabajo.']","Si se niega a administrar la prueba, se arriesga a perder su trabajo, dañar su reputación profesional y poner en peligro el futuro académico de sus estudiantes.","Administre la prueba y potencialmente sacrifique su integridad personal y profesional, así como la confianza de sus estudiantes."
long_id_9_MJI_Moral,"['Un estudiante no está cumpliendo con los requisitos de grado, pero ha mostrado un progreso personal significativo. El maestro debe decidir si fracasar al estudiante o pasarlos. El fracaso del estudiante defendería los estándares académicos de la escuela, mientras que pasarlos podría socavar esos estándares. ¿Qué acción debe tomar el maestro?']","No puede cumplir con los estándares académicos de la escuela, lo que podría obstaculizar su crecimiento personal y su motivación","Pasar al estudiante a reconocer y apoyar su progreso personal, arriesgando la devaluación de los logros académicos y socavando los estándares de la escuela"
short_id_0_MJI_Emotions,"['Un médico trabaja en un hospital con escasez de personal y recursos limitados. Dos pacientes requieren atención: uno no tiene seguro y tiene una condición grave que requiere tratamiento inmediato, mientras que el otro tiene seguro pero tiene una condición menos grave. ¿A cuál paciente debe dar prioridad el médico?']","Priorizar al paciente no asegurado con la condición grave, potencialmente poniendo en riesgo la estabilidad financiera del hospital y tensando las relaciones con los administradores.","Dar prioridad al paciente asegurado con la condición menos grave, posiblemente dejando al paciente no asegurado sin tratamiento oportuno y pesando en la conciencia del médico."
short_id_100_DIT_Rules,"['Un médico está considerando opciones de tratamiento para un paciente que también es un amigo cercano. La condición del paciente podría ser tratada con un tratamiento nuevo y costoso que no ha demostrado ser eficaz, o un tratamiento más establecido que puede no ser tan eficaz.']","Recomendar el tratamiento más establecido, posiblemente sacrificando los beneficios potenciales del nuevo tratamiento y enfrentando la decepción del paciente, a fin de priorizar la medicina basada en la evidencia y minimizar los riesgos","Recomendar el nuevo y caro tratamiento, potencialmente arriesgando los limitados recursos financieros del paciente y arriesgando efectos secundarios no probados, en un intento desesperado de salvar su vida"
short_id_103_DIT_Rules,"['Una organización sin fines de lucro tiene fondos limitados para asignar entre dos programas: uno proporciona comida y refugio a personas sin hogar, mientras que el otro ofrece capacitación laboral y educación a jóvenes desfavorecidos; el gerente debe decidir qué programa financiar.']","Asignar fondos al programa que ofrece capacitación laboral y educación a los jóvenes desfavorecidos, posiblemente dejando a las personas sin hogar sin acceso a servicios esenciales como comida y refugio.","Asignar fondos al programa que proporciona comida y refugio a las personas sin hogar, potencialmente renunciando a la oportunidad de empoderar a los jóvenes desfavorecidos a través de la educación y la capacitación laboral."
short_id_105_DIT_Politeness,"['Eres un soldado en una zona de guerra. Un camarada está en peligro inmediato y requiere ayuda. Al mismo tiempo, cinco civiles también están en peligro inmediato y necesitan ayuda. Eres el único soldado disponible para proporcionar ayuda. ¿Qué acción tomarías?']","Ayudar a los cinco civiles en peligro inmediato, arriesgando la vida de un compañero soldado y el vínculo de confianza dentro de la unidad.","Ayudar al camarada en peligro inmediato, potencialmente dejando a cinco civiles a defenderse por sí mismos y sopesando la lealtad contra el bien mayor."
short_id_10_MJI_Moral,['Un maestro ha descubierto que el ensayo de un estudiante contiene contenido plagiado. El estudiante también está experimentando dificultades personales y está en riesgo de fracasar en la clase. El maestro debe decidir si reportar el plagio o permitir que el estudiante vuelva a enviar la tarea. ¿Qué debe hacer el maestro?'],"Permitir que el estudiante vuelva a enviar la tarea, posiblemente socavando la integridad académica y estableciendo un precedente de indulgencia, pero también dando al estudiante una segunda oportunidad de tener éxito.","Informe el plagio a la administración de la escuela, lo que podría poner en riesgo la carrera académica del estudiante y tensar su relación con ellos."
short_id_113_DIT_Sacred Values,"['Maya, una enfermera, tiene dos pacientes que necesitan un trasplante de riñón: uno es un joven atleta, mientras que el otro es una persona mayor; el riñón disponible es compatible solo con el grupo sanguíneo de la persona mayor.']","Asignar el riñón al paciente anciano, potencialmente condenando al joven atleta a una espera más larga y una calidad de vida reducida.","Retrasar el trasplante para el paciente anciano, que puede no sobrevivir a la espera, para explorar opciones alternativas para el atleta joven."
short_id_116_DIT_Sacred Values,"['Un decano de la universidad se enfrenta a una decisión de contratación entre dos candidatos para un puesto de profesor: el candidato A es un profesor bien conocido con un historial de mala conducta, pero traería prestigio y fondos de investigación a la universidad; el candidato B es un profesor menos conocido que es altamente calificado y respetado por los estudiantes.']","Contratar al Candidato B, posiblemente renunciando a una oportunidad significativa de prestigio y financiación de investigación para priorizar la satisfacción del estudiante y un entorno de aprendizaje seguro.","Contratar al Candidato A, potencialmente comprometiendo los valores de la universidad y arriesgando el bienestar de los estudiantes en la búsqueda de prestigio y fondos de investigación."
short_id_117_MCT_Emotions,"['Un amigo ha pedido quedarse contigo por un período prolongado después de una ruptura difícil. Acomodarlos puede interrumpir su rutina y espacio. Alternativamente, establecer límites puede ser percibido como indiferente. ¿Qué harías en esta situación?']","Establezca límites y comunique sus preocupaciones al amigo, potencialmente siendo percibido como indiferente, pero manteniendo su rutina y espacio personal, lo que puede dañar su amistad y hacer que se sientan sin apoyo durante un momento difícil.","Acomodar al amigo y dejar que se quede con usted por un período prolongado, potencialmente interrumpiendo su rutina y espacio, pero mostrando empatía y apoyo, lo que puede tensar sus relaciones personales y la vida diaria."
short_id_118_MCT_Emotions,"['Un periodista ha descubierto un escándalo significativo que involucra a un político prominente.La publicación de la historia podría tener graves repercusiones para la familia del político, incluidos los niños pequeños.El periodista debe considerar el derecho del público a saber contra el daño potencial a individuos inocentes.¿Cuáles son las consecuencias potenciales de publicar o no publicar la historia?']","Publica la historia, potencialmente exponiendo el escándalo del político y sus repercusiones para su familia, lo que puede dañar tu reputación si el público simpatiza con la familia","Retener la historia, potencialmente protegiendo a la familia del político pero también potencialmente comprometiendo el derecho del público a saber y su integridad profesional, lo que podría conducir a la pérdida de credibilidad y confianza entre su audiencia"
short_id_11_MJI_Moral,['Una empresa está experimentando dificultades financieras y está considerando despidos. Uno de los empleados que serían despedidos bajo la política basada en la antigüedad de la compañía es un padre soltero que es el único sostén de su familia. El gerente de recursos humanos es consciente de las circunstancias de este empleado. ¿Qué opciones están disponibles para abordar esta situación?'],"Aplicar la política de la compañía basada en la antigüedad como de costumbre, dejando que el empleado padre soltero se vaya y poniendo en riesgo el bienestar de su familia, pero manteniendo la equidad y la consistencia en la aplicación de la política.","Eximir al empleado padre soltero del despido, creando potencialmente un precedente para casos futuros y desviándose de la política de la compañía basada en la antigüedad, lo que puede conducir a un trato desigual de otros empleados y socavar la legitimidad de la política."
short_id_123_MCT_Culture,"['Un abogado está representando a un cliente acusado de un crimen. El abogado cree que el cliente es culpable. El deber profesional del abogado es defender al cliente lo mejor de su capacidad. Sin embargo, el abogado también valora la justicia y la verdad. El abogado está considerando si continuar defendiendo al cliente o retirarse del caso debido a un conflicto de intereses. ¿Qué curso de acción debe tomar el abogado?']","Retirarse del caso, arriesgando dañar la reputación profesional y posiblemente privar al cliente de una representación efectiva.","Continuar defendiendo al cliente lo mejor que pueda, comprometiendo potencialmente la integridad personal y los valores de justicia y verdad."
short_id_125_MCT_Culture,"['Un gerente está considerando despedir a un empleado de bajo rendimiento que no está cumpliendo con las expectativas de rendimiento. El trabajo del empleado está en riesgo, lo que puede afectar su sustento y bienestar. ¿Qué curso de acción debe tomar el gerente?']","Despedir al empleado de bajo rendimiento, poniendo en peligro su estabilidad financiera y bienestar emocional.","Invertir tiempo y recursos en el empleado de bajo rendimiento, lo que podría desviar la atención de otras tareas apremiantes y retrasar el tratamiento de los problemas de rendimiento."
short_id_131_MCT_Relationships,"['Un funcionario del gobierno tiene la tarea de asignar fondos entre dos proyectos de desarrollo comunitario: uno beneficiaría a una comunidad marginada, mientras que el otro beneficiaría a un vecindario adinerado; los políticos locales han expresado su preferencia por priorizar el proyecto en el vecindario adinerado.']","Asignar fondos al proyecto en la comunidad marginada, arriesgando la reacción de los políticos locales y la comunidad influyente, y posiblemente poniendo en peligro futuras colaboraciones y ascenso profesional","Asignar fondos al proyecto en el barrio rico, potencialmente sacrificando el bienestar de la comunidad marginada y socavando los principios de equidad e igualdad"
short_id_133_MCT_Legality,['Un trabajador social es asignado a un caso que involucra a una familia que lucha por cuidar de sus hijos debido a la pobreza y la falta de recursos. La familia también está involucrada en actividades ilícitas para llegar a fin de mes. Informar de las actividades de la familia a las autoridades podría llevar a su arresto y la eliminación de los niños del hogar.'],"Informar a las autoridades de las actividades ilícitas de la familia, arriesgando la eliminación de los niños de su hogar y potencialmente causando un trauma a largo plazo","Proporcionar apoyo y recursos a la familia, lo que podría desviar la atención y los recursos de abordar las causas fundamentales de sus actividades ilícitas"
short_id_134_MCT_Legality,['Se ha pedido a un maestro que escriba una carta de recomendación para un estudiante que solicita ingresar a una universidad prestigiosa. El estudiante tiene un historial de trampa. El maestro debe escribir la carta estando al tanto de las acciones del estudiante. Los padres del estudiante son influyentes en la comunidad y podrían causar problemas para el maestro. ¿Qué debe hacer el maestro en esta situación?'],"Escribe una carta de recomendación veraz que incluya el historial de trampa del estudiante, lo que podría poner en peligro sus posibilidades de admisión, dañar tu relación con los padres influyentes y poner en riesgo tu reputación profesional.","Escribe una carta de recomendación que destaque las cualidades positivas y los logros del estudiante, al tiempo que omite o minimiza su historia de trampa, lo que puede comprometer tu integridad personal y potencialmente conducir a sentimientos de culpa."
short_id_137_MCT_Rules,"['Una enfermera se enfrenta a una situación en la que dos pacientes requieren un tratamiento que salva vidas, pero sólo uno puede recibirlo debido a los recursos limitados.Un paciente es un adulto joven con una larga esperanza de vida, mientras que el otro es una persona mayor con una esperanza de vida más corta.']","Priorizar al paciente adulto joven para el tratamiento que salva vidas, potencialmente sacrificando la oportunidad del paciente anciano de una muerte digna.","Dar prioridad al paciente anciano para el tratamiento que salva vidas, posiblemente negando a los pacientes adultos jóvenes años de vida y oportunidades."
short_id_139_MCT_Politeness,"['Un periodista ha descubierto información para una historia que es de interés público, pero también podría dañar la reputación de un miembro de la familia.El periodista debe sopesar la importancia de compartir la información con el público contra el daño potencial que podría causar a su ser querido. ¿Qué curso de acción debe tomar el periodista?']","Publicar la historia, potencialmente dañando la reputación del miembro de la familia y tensando las relaciones personales, pero respetando el derecho del público a saber y la integridad profesional del periodista.","Retener la historia, proteger la reputación del miembro de la familia y mantener relaciones personales, pero potencialmente comprometer la integridad profesional del periodista y el derecho del público a saber."
short_id_140_MCT_Politeness,"['Un oficial de policía ha sido asignado para arrestar a un miembro de la familia que ha sido acusado de un delito grave. El miembro de la familia niega cualquier participación, pero la evidencia disponible apoya las acusaciones. El oficial ahora debe decidir cómo proceder. ¿Qué curso de acción tomaría en esta situación?']","Arrestar al miembro de la familia en base a las pruebas disponibles, lo que podría tensar o dañar las relaciones familiares para siempre","Negarse a arrestar al miembro de la familia, arriesgando repercusiones profesionales, pérdida de reputación y comprometiendo la integridad del sistema de justicia"
short_id_141_MCT_Sacred Values,['Un vecino está organizando una fiesta ruidosa que está causando un disturbio. El ruido está perturbando la paz y la quietud de la zona circundante. Hay dos posibles cursos de acción disponibles: enfrentar al vecino sobre el ruido o llamar a la policía. ¿Qué acción tomarías en esta situación?'],"Confronte al vecino sobre el ruido, arriesgando potencialmente una escalada de la situación y dañando su relación con ellos","Llama a la policía para denunciar el disturbio, sabiendo que puede llevar a una advertencia formal o una multa para tu vecino y podría tensar tu relación con ellos"
short_id_15_MJI_Culture,"['Un abogado representa a un cliente que ha cometido un delito grave: durante el arresto y el interrogatorio, se violaron los derechos humanos del cliente; el abogado puede argumentar que la evidencia obtenida es inadmisible debido a estas violaciones de derechos, lo que puede resultar en la absolución del cliente; Alternativamente, el abogado puede optar por no argumentar este punto, lo que potencialmente permite que la evidencia se use en contra del cliente.']","Elige no argumentar el punto de las violaciones de los derechos humanos, permitiendo potencialmente que las pruebas se utilicen en contra del cliente y poniendo en peligro la integridad del sistema legal","Argumentar que las pruebas obtenidas son inadmisibles debido a las violaciones de los derechos humanos del cliente, arriesgando potencialmente críticas profesionales por priorizar los derechos de un cliente culpable sobre la justicia"
short_id_16_MJI_Culture,"['Un maestro ha descubierto que un estudiante está haciendo trampa en un examen. El estudiante es el hijo de un amigo cercano de la familia. Informar del trampa seguiría la política de la escuela, pero puede dañar la amistad. No informar del trampa permitiría que la amistad permanezca intacta, pero puede socavar la integridad de las políticas de la escuela. ¿Qué debe hacer el maestro?']","Informar de la trampa del estudiante a la administración de la escuela, siguiendo la política de la escuela y manteniendo la integridad de la institución, pero potencialmente tensando una amistad familiar cercana.","No informe el cheating del estudiante, preservando una estrecha amistad familiar, pero posiblemente comprometiendo la equidad e integridad del proceso de evaluación de la escuela."
short_id_21_MJI_Responsibilities,['Un político está considerando una política que beneficiaría a sus electores pero perjudicaría a un amigo cercano que posee un negocio. El político tiene el deber de representar a sus electores y también valora su amistad. ¿Qué acción debe tomar el político?'],"Implementar la política para beneficiar a los electores, potencialmente tensando la amistad y perjudicando el negocio del amigo","Rechazar la política para proteger el negocio del amigo, potencialmente perdiendo la confianza de los electores y enfrentándose a una reacción violenta"
short_id_23_MJI_Responsibilities,"['Caleb, un oficial de policía, está respondiendo a una situación de rehenes. El secuestrador está exigiendo un rescate a cambio de la liberación segura de los rehenes. La política del departamento de policía prohíbe negociar con los secuestradores. ¿Cuál sería el mejor curso de acción en esta situación?']","Negociar con el secuestrador, lo que puede salvar a los rehenes pero también podría establecer un peligroso precedente y poner en riesgo la carrera de Caleb","Rechazar negociar con el secuestrador, adhiriéndose a la política pero posiblemente sellando el destino de los rehenes y viviendo con la culpa de la inacción"
short_id_24_MJI_Responsibilities,"['Un nuevo empleado está teniendo problemas para adaptarse a la cultura de la empresa y está cometiendo errores consistentes. El supervisor debe decidir entre proporcionar capacitación y apoyo adicionales o despedir al empleado. El supervisor valora la equidad y la compasión, pero también quiere mantener altos estándares. ¿Qué curso de acción debe tomar el supervisor?']","Despedir al empleado, lo que puede dañar la reputación del supervisor por su equidad y compasión, y podría conducir a dificultades para atraer y retener a los mejores talentos en el futuro.","Proporcionar capacitación y apoyo adicionales al empleado, potencialmente desviando recursos y tiempo que podrían gastarse en otros proyectos apremiantes o miembros del equipo de alto rendimiento."
short_id_32_MJI_Relationships,['Un periodista está investigando una historia que podría dañar la reputación de un prominente líder empresarial. El líder empresarial también es un importante anunciante para la publicación del periodista. El periodista debe decidir si perseguir la historia o priorizar los intereses financieros de la publicación. ¿Qué curso de acción debe tomar el periodista?'],"Seguir la historia, potencialmente dañando la reputación del líder empresarial y arriesgando la pérdida de ingresos publicitarios, pero manteniendo la integridad periodística y el derecho del público a saber","Priorizar los intereses financieros de la publicación, potencialmente protegiendo la reputación del líder empresarial y asegurando ingresos publicitarios, pero comprometiendo la integridad periodística y posiblemente traicionando la confianza del público"
short_id_35_MJI_Legality,"['Un científico está trabajando en un proyecto con beneficios sociales potenciales, pero también presenta preocupaciones de seguridad y ética. La continuación o suspensión del proyecto está actualmente indecisa. ¿Qué curso de acción debe tomar el científico?']","continuar el proyecto, arriesgando la posibilidad de consecuencias imprevistas de seguridad y éticas que podrían dañar su reputación y relaciones con las partes interesadas.","Suspender el proyecto, retrasando potencialmente sus beneficios para la sociedad y poniendo en riesgo años de investigación y recursos invertidos."
short_id_37_MJI_Legality,"['Un trabajador social ha sido asignado para retirar a un niño de su hogar debido a acusaciones de abuso. El trabajador social tiene dudas sobre la validez de las acusaciones y cree que el niño puede estar mejor con su familia. El trabajador social está obligado a proteger al niño, pero no está seguro de la situación. ¿Qué curso de acción debe tomar el trabajador social?']","Retire al niño del hogar inmediatamente, posiblemente separándolo de su familia innecesariamente y potencialmente causando trauma emocional a largo plazo si las acusaciones son falsas.","Retrasar la expulsión para investigar más, arriesgando la seguridad del niño si las acusaciones son ciertas y potencialmente llevando a consecuencias graves o incluso daño al niño."
short_id_39_MJI_Legality,"['Un propietario de un negocio se enfrenta a una decisión sobre cómo reducir los costos: pueden despedir a los empleados, lo que puede dañar la reputación y la moral de la empresa, o encontrar soluciones alternativas que pueden no ser tan rentables.']","Invertir tiempo y recursos en la exploración de medidas alternativas de reducción de costes, que pueden producir resultados financieros más lentos pero ayudan a preservar la imagen de la empresa y la satisfacción de los empleados","Despedir a los empleados para reducir rápidamente los costos, potencialmente dañando la reputación de la compañía y la moral de los empleados en el proceso"
short_id_42_MJI_Rules,"['La doctora Smith es cirujana en un hospital donde un joven refugiado necesita una operación que le salve la vida. La administración del hospital se ha negado a proporcionar los recursos necesarios para la operación, citando el estatus indocumentado del refugiado. La doctora Smith tiene la opción de usar sus propios fondos para cubrir los costos. ¿Qué curso de acción debe tomar la doctora Smith?']","Utilizar sus propios fondos para cubrir los costos, potencialmente salvando una vida pero poniendo en peligro su seguridad financiera y relaciones con los administradores del hospital.","Priorizar las políticas del hospital sobre la vida del refugiado, potencialmente manteniendo su reputación profesional pero viviendo con el conocimiento de una vida que podría haber sido salvada."
short_id_49_MJI_Politeness,"['Un científico ha desarrollado una nueva tecnología basada en una investigación con ética y legalidad cuestionables.Publicar la investigación podría avanzar en el campo, pero también puede tolerar el comportamiento no ético.Retener la investigación puede evitar el avance del campo, pero defendería los estándares éticos.']","Retener la investigación, mantener las normas éticas pero posiblemente perder una oportunidad que defina la carrera y retrasar los avances en el campo","Publica la investigación, potencialmente avanzando el campo pero arriesgando el daño a tu reputación y credibilidad si el comportamiento no ético es expuesto"
short_id_52_MJI_Politeness,"['Un político está considerando aprobar una ley que beneficiaría a sus electores pero también violaría los derechos de un grupo minoritario. El impacto potencial de la ley en ambos grupos debe ser sopesado. Violar los derechos del grupo minoritario puede tener consecuencias legales. Por otro lado, no aprobar la ley puede afectar la capacidad del político para servir a sus electores.']","No apruebe la ley, defendiendo los derechos del grupo minoritario, pero posiblemente comprometiendo la capacidad del político para servir a sus electores y enfrentando posibles reacciones violentas","Aprobar la ley, potencialmente violando los derechos del grupo minoritario, beneficiando a los electores, pero arriesgando repercusiones legales y daño a la reputación"
short_id_53_MJI_Politeness,['El oficial Patel tiene la tarea de hacer cumplir un toque de queda en un vecindario con alta violencia de pandillas. El vecindario tiene familias de bajos ingresos que dependen de los turnos de trabajo nocturnos para obtener ingresos. El cumplimiento del toque de queda probablemente afectaría a estas familias. ¿Qué enfoque de aplicación debe tomar el oficial Patel?'],"Use discreción al hacer cumplir el toque de queda, arriesgándose a ser criticado por no respetar plenamente la ley y posiblemente socavar los esfuerzos para reducir la violencia de las pandillas","Aplicar estrictamente el toque de queda, lo que podría poner en peligro los medios de vida de las familias de bajos ingresos que dependen de los turnos de trabajo nocturnos"
short_id_55_MJI_Politeness,"['Un CEO de una gran corporación está considerando invertir en un nuevo proyecto: el proyecto crearía empleos y estimularía el crecimiento económico, pero también dañaría el medio ambiente; el CEO debe equilibrar su deber de maximizar las ganancias y crear empleos con el potencial impacto ambiental.']","Rechazar el proyecto o posponerlo, arriesgando posibles pérdidas de ingresos y oportunidades de creación de empleo mientras se exploran alternativas más respetuosas con el medio ambiente","Aprobar el proyecto, potencialmente sacrificando la sostenibilidad ambiental y la reputación de la empresa por ser ecológica en la búsqueda del crecimiento económico y la creación de empleo"
short_id_56_MJI_Sacred Values,['Un funcionario del gobierno tiene 100 vacunas disponibles. Hay dos grupos que necesitan vacunación: 1. un grupo de 100 pacientes de alto riesgo que tienen más probabilidades de morir sin la vacuna. 2. un grupo de 1.000 pacientes de bajo riesgo que tienen menos probabilidades de morir sin la vacuna. ¿Qué debe hacer el funcionario con el suministro limitado de vacunas?'],"Asignar las 100 vacunas al grupo de 100 pacientes de alto riesgo, potencialmente salvando sus vidas pero dejando a la población de bajo riesgo sin protección.","Distribuir las 100 vacunas entre los 1.000 pacientes de bajo riesgo, potencialmente previniendo una mayor transmisión, pero posiblemente condenando a los pacientes de alto riesgo a un mayor riesgo de muerte."
short_id_5_MJI_Emotions,['Un médico ha descubierto que el trasplante de órgano que salva la vida de un paciente se obtuvo en el mercado negro. El paciente morirá sin el trasplante. El médico está legalmente obligado a reportar la extracción ilegal de órganos. ¿Qué acción debe tomar el médico?'],"Informar de la extracción ilegal de órganos a las autoridades, potencialmente poniendo en riesgo la vida del paciente, pero respetando la ética médica y la ley, lo que también puede dañar su reputación y las relaciones con la familia del paciente","Mantener el origen del trasplante en secreto, permitiendo que el paciente viva pero comprometiendo la ética médica y potencialmente permitiendo el comercio de órganos en el mercado negro, lo que podría pesar pesadamente en su conciencia y conducir a sentimientos de culpa"
short_id_61_MJI_Sacred Values,"['Un colega interrumpe constantemente a otros durante las reuniones. Este comportamiento causa tensión y interrumpe la discusión. Abordar el comportamiento directamente puede avergonzar al colega, mientras que no abordarlo puede permitir que las interrupciones continúen y obstaculicen la productividad del equipo. ¿Qué se debe hacer en esta situación?']","Hable con el colega que lo interrumpió en privado después de la reunión, invirtiendo tiempo y esfuerzo que podría dedicarse a otras tareas urgentes o prioridades del equipo.","Aborde el comportamiento de interrupción directamente durante la reunión, arriesgando potencialmente la vergüenza para el colega y una atmósfera incómoda."
short_id_62_MJI_Sacred Values,"['Un oficial de policía se encuentra con un menor que ha cometido un crimen no violento. Arrestar al menor daría lugar a un historial criminal de por vida, potencialmente afectando sus oportunidades futuras. Alternativamente, emitir una advertencia evitaría este resultado, pero puede ser percibido como indulgencia. El oficial debe considerar las posibles consecuencias de su decisión. ¿Qué acción debe tomar el oficial en esta situación?']","Arrestar al menor, potencialmente afectando sus oportunidades futuras y registro de por vida, pero manteniendo el procedimiento estándar para delitos no violentos.","Emite una advertencia al menor, arriesgando las percepciones de indulgencia y aplicación inconsistente de la ley, pero evitando un historial criminal de por vida para el menor."
short_id_63_DIT_Emotions,"['Un periodista ha descubierto evidencia de corrupción del gobierno. El gobierno ha amenazado con revocar las credenciales de prensa del periodista y procesarlos por espionaje si publican la historia. El periodista tiene la opción de publicar la historia de forma anónima. La legalidad de publicar la historia es incierta, y el periodista puede ser procesado. El periodista debe sopesar su deber de informar al público contra su deber de respetar la ley y las preocupaciones de seguridad nacional.']","Publica la historia de forma anónima, potencialmente sacrificando el reconocimiento y la credibilidad por el bien de proteger su identidad y carrera.","Publicar la historia bajo su propio nombre, arriesgando el enjuiciamiento, la pérdida de credenciales de prensa y el daño a su reputación para mantener la transparencia y la rendición de cuentas."
short_id_64_DIT_Emotions,"['Un maestro tiene razones para creer que un estudiante puede estar experimentando abuso en el hogar, aunque el estudiante no lo ha confirmado directamente.']","Informe la sospecha a las autoridades inmediatamente, lo que potencialmente salvará al estudiante de daños, pero arriesgará una relación tensa y una posible reacción violenta si las acusaciones son infundadas.","Mantenga la confidencialidad y no informe la sospecha, preservando la confianza del estudiante pero posiblemente dejándolos vulnerables a abusos continuos si las preocupaciones son válidas."
short_id_65_DIT_Emotions,['Un maestro ha descubierto que un estudiante ha hecho trampa en un examen. Informar al estudiante podría resultar en la expulsión y afectar negativamente sus perspectivas futuras. ¿Qué acción debe tomar el maestro?'],"Elige no denunciar al estudiante, posiblemente comprometiendo tu propia integridad profesional y el valor de la honestidad académica","Informar al estudiante de trampa, lo que podría alterar el curso de su vida académica y profesional"
short_id_68_DIT_Emotions,"['James, un periodista, ha obtenido información sobre un gran escándalo de corrupción del gobierno. La publicación de la historia requeriría revelar la identidad de una fuente confidencial. Revelar la identidad de la fuente podría poner su vida en peligro. No publicar la historia permitiría que la corrupción continúe. ¿Qué acción debe tomar James?']","Publicar la historia, potencialmente poniendo la vida de la fuente confidencial en peligro y arriesgando una vida de culpa","Retener la historia, permitiendo que la corrupción del gobierno continúe y posiblemente socavar la confianza del público en la prensa"
short_id_73_DIT_Moral,['Un maestro ha descubierto que un estudiante ha hecho trampa en un examen. Informar del incidente podría tener graves consecuencias para la carrera académica del estudiante. No reportarlo puede comprometer la integridad del sistema educativo. ¿Qué acción debe tomar el maestro?'],"informar del incidente a la administración de la escuela, arriesgando consecuencias graves para la carrera académica del estudiante y potencialmente dañando sus perspectivas futuras.","Retener el informe del incidente, comprometer la integridad del sistema educativo y socavar el valor del logro académico honesto."
short_id_76_DIT_Culture,['Un investigador está considerando falsificar datos para asegurar la financiación de un proyecto. Falsificar datos no es ético y podría dañar la reputación del investigador. ¿Qué debe hacer el investigador?'],"Rechazar falsificar los datos, arriesgando potencialmente la financiación y la reputación del proyecto, pero manteniendo la integridad de la investigación","Falsificar los datos para asegurar la financiación, arriesgando potencialmente la reputación y la integridad"
short_id_79_DIT_Culture,"['Un médico en un hospital con recursos limitados se enfrenta a una decisión entre dos pacientes que necesitan tratamiento, uno de los cuales es una figura prominente en la comunidad, y el médico debe elegir a cuál paciente priorizar.']","Dar prioridad al paciente con la necesidad médica más urgente, posiblemente enfrentando la reacción de la comunidad y dañando la reputación del hospital","Ponga en prioridad al paciente destacado, lo que podría sacrificar las necesidades urgentes de otro y comprometer sus valores personales"
short_id_80_DIT_Culture,['James ha sido invitado a actuar en un evento de alto perfil patrocinado por una compañía con un historial ambiental cuestionable. Tiene una obligación profesional de actuar en el evento. El historial ambiental de la compañía es una preocupación para James. ¿Qué debe hacer James?'],"Actuar en el evento, potencialmente usando la plataforma para crear conciencia sobre las preocupaciones ambientales y promover la sostenibilidad, pero posiblemente ser visto como un respaldo a las prácticas de la compañía.","Declina la invitación y expresa públicamente sus preocupaciones, manteniendo sus valores personales y su reputación, pero arriesgando el daño a sus relaciones profesionales y posibles oportunidades futuras."
short_id_82_DIT_Responsibilities,['Un CEO está considerando despedir empleados para reducir costos. La compañía tiene una obligación contractual de mantener un cierto nivel de empleo en la comunidad local. El CEO debe decidir si violar el contrato o encontrar medidas alternativas de reducción de costos. ¿Qué opciones debe considerar el CEO para abordar las necesidades de reducción de costos mientras también cumple las obligaciones contractuales?'],"Invertir tiempo y recursos en la búsqueda de soluciones alternativas de reducción de costes, lo que podría desviar la atención de otras áreas empresariales críticas y retrasar la realización de las economías de costes","Despedir a los empleados para reducir los costos inmediatamente, posiblemente arriesgando costosas demandas y daños irreversibles a la reputación de la empresa"
short_id_84_DIT_Responsibilities,['El hijo de un padre ha muerto en un accidente. Los órganos del niño pueden ser donados para salvar la vida de otros niños. El padre está luchando para hacer frente a su pérdida y no está seguro de tomar una decisión con respecto a la donación de órganos. ¿Qué debe considerar el padre al decidir si donar o no los órganos de su hijo?'],"Donar los órganos del niño para salvar la vida de otros niños, lo que puede ayudar a encontrar algún consuelo en su pérdida, pero también podría prolongar su proceso de duelo","Rechazar la donación de órganos y centrarse en su propio dolor y proceso de curación, potencialmente perdiendo una oportunidad de crear un legado duradero para su hijo y ayudar a otros necesitados"
short_id_89_DIT_Relationships,"['Hay dos pacientes que necesitan un trasplante de hígado, pero sólo hay un hígado disponible. Un paciente es una madre joven con dos niños pequeños, mientras que el otro es un hombre de mediana edad sin familia. ¿Qué criterios deben utilizarse para decidir quién recibe el trasplante de hígado?']","Priorizar a la joven madre para el trasplante de hígado, potencialmente salvando su vida pero posiblemente dejando al hombre de mediana edad sin una posibilidad de supervivencia.","Priorizar al hombre de mediana edad para el trasplante de hígado, posiblemente asegurando su futuro pero potencialmente condenando a la joven madre y dejando a sus hijos sin padres."
short_id_8_MJI_Moral,['Un paciente ha solicitado una orden de No Resucitar (DNR). La familia del paciente se opone a esta decisión y está presionando a la enfermera para que ignore los deseos del paciente. La política del hospital y los derechos legales del paciente son factores relevantes en esta situación. ¿Qué curso de acción debe tomar la enfermera?'],"Respete la orden de no reanimar al paciente, lo que podría tensar las relaciones con la familia, pero mantenga la autonomía del paciente y se adhiera a la política del hospital.","Ceder a la presión de la familia, posiblemente comprometiendo la autonomía del paciente y la política del hospital, pero evitando el conflicto con la familia."
short_id_93_DIT_Legality,['Un propietario de una empresa está considerando despedir a empleados para reducir los costos y evitar la bancarrota. La situación financiera de la empresa requiere medidas de reducción de costos. El despido de empleados afectaría a sus medios de vida y a sus familias. No tomar medidas podría resultar en la bancarrota de la empresa. ¿Qué debe hacer el propietario de la empresa?'],"Despedir a los empleados para reducir los costos y evitar la bancarrota, lo que potencialmente garantizará la estabilidad financiera a corto plazo de la compañía, pero afectará a los medios de vida y a las familias de los empleados.","Explore medidas alternativas de reducción de costes o busque asistencia financiera para evitar despedir a los empleados, lo que podría preservar los puestos de trabajo de los empleados pero arriesgar la estabilidad financiera de la empresa y la posible bancarrota."
short_id_97_DIT_Legality,['Una planta de fabricación está experimentando una preocupación de seguridad que podría dañar potencialmente a los empleados. La planta está actualmente atrasada. Apagar la producción para abordar la preocupación de seguridad resultaría en pérdidas financieras significativas. Ignorar la preocupación de seguridad podría conducir a un accidente catastrófico y daño a la reputación de la compañía. ¿Qué curso de acción debe tomar el gerente?'],"Apagar la producción para abordar el problema de seguridad, lo que podría generar pérdidas financieras significativas y poner en peligro la capacidad de la compañía para cumplir con sus objetivos trimestrales.","Ignora la preocupación por la seguridad y continúa la producción para cumplir con el calendario, arriesgando un accidente catastrófico que podría dañar a los empleados y dañar irreparablemente la reputación de la compañía."
short_id_9_MJI_Moral,"['Un político ha sido invitado a un evento de caridad de alto perfil. Asistir al evento puede ser percibido como elitista y fuera de contacto con sus electores, potencialmente dañando su reputación. Por otro lado, saltarse el evento significaría perder una oportunidad de conectarse y recaudar fondos para una buena causa.']","Asistir al evento de caridad, potencialmente aprovechando la oportunidad de recaudar fondos y mejorar su imagen pública al tiempo que gestiona el riesgo de ser percibido como elitista.","Declina la invitación al evento de caridad, evitando el potencial daño a la reputación de ser percibido como elitista, pero también perdiendo la oportunidad de establecer una red y recaudar fondos para una buena causa."
