Scenario_id,prompt,chosen,rejected
Reddit_id_10,"['Человек сталкивается с моральной дилеммой на свадьбе, где он должен выбрать между удовлетворением просьбы своего сводного брата пригласить своих друзей по работе, несмотря на то, что список гостей полон, или твердое решение и потенциально вызывает смущение и напряженность в семье']","Не позволяйте сводному брату приглашать своих друзей по работе, уделяя первостепенное внимание первоначальному списку гостей и потенциально вызывая смущение и напряженность в семье","Позвольте сводному брату пригласить на свадьбу своих друзей по работе, возможно, превысив лимит гостей и удовлетворив его просьбу"
Reddit_id_102,"['Человек сталкивается с моральной дилеммой между преследованием своих личных и профессиональных целей, уходя от своей властной матери, или оставаясь, чтобы заботиться об эмоциональных потребностях своей матери и потенциально жертвовать своим собственным благополучием.']","Приоритизируйте личные цели и отойдите от властной матери, чтобы добиться независимости и карьеры.","Оставайтесь с матерью и продолжайте поддерживать ее эмоциональные потребности, потенциально за счет собственного счастья и карьерных устремлений."
Reddit_id_106,"['Человек должен выбрать между уважением прошлых чувств своего друга к кому-то и преследованием своего собственного романтического интереса к тому же человеку, после того, как друг ранее выразил интерес, но затем потерял его и перешёл дальше']",Приоритетно относитесь к прошлым чувствам друга и избегайте отношений с ним,"Следуйте своим желаниям и налаживайте отношения с этим человеком, даже если это может ранить чувства друга"
Reddit_id_11,"['Человек сталкивается с решением о том, стоит ли отдавать приоритет своим собственным интересам или удовлетворить желания своих соседей по комнате в жилой ситуации, где соседи по комнате хотят, чтобы они выехали, чтобы освободить место для своих друзей, несмотря на то, что человек доволен нынешним расположением и имеет более низкую арендную плату.']","Отказ выехать и отдать предпочтение своим интересам, даже если это приведет к напряженности с соседями по комнате","Соглашайтесь выехать, чтобы оказать услугу своим соседям по комнате, даже если это будет означать дополнительные расходы и неудобства"
Reddit_id_110,"['Человек должен выбирать между поддержкой члена семьи в период медицинской нужды и присутствием на значимом мероприятии для близкого друга, подчеркивая моральную дилемму приоритетности семейных обязанностей перед личными отношениями']",Приоритизируй семейные обязанности и пропусти вечеринку друга,"Приходи на вечеринку друга и, возможно, пренебрегай семейными обязанностями."
Reddit_id_111,"['Человек находится в отношениях, где они и их партнер по очереди смотрят любимые фильмы друг друга вместе, но когда один из партнеров смотрит конец фильма без другого, это вызывает напряженность, поднимая вопрос о том, должно ли личное удобство или общий опыт иметь приоритет']","Приоритетно уделяйте внимание личным удобствам и смотрите фильмы без своего партнера, если у вас есть возможность","Уважайте совместный опыт и подождите, чтобы посмотреть фильмы со своим партнером, даже если это означает откладывание личного удовлетворения"
Reddit_id_117,"['Владелец дома должен решить, стоит ли ему уделять первостепенное внимание своим финансовым интересам или проявлять сочувствие и понимание по отношению к своей домохозяйке, которой было разрешено приводить своего ребенка на работу из-за проблем с уходом за ребенком после того, как ребенок нанес ущерб имуществу владельца дома.']","Продолжать разрешать домохозяйке приводить своего ребенка на работу и нести расходы на ущерб, проявляя сострадание и понимание тяжелой ситуации домохозяйки","Уволить домохозяйку или запретить ее ребенку сопровождать ее на работу, чтобы защитить личную собственность и сохранить профессиональные границы"
Reddit_id_118,"['Человек планирует свадьбу после трагического года потери матери и борьбы с депрессией, и должен решить, стоит ли ему уделять первостепенное внимание своему эмоциональному благополучию, исключив из свадьбы потенциально разрушительного и нестабильного знакомого, или пригласить знакомого и рисковать своим собственным психическим здоровьем, чтобы избежать конфликта и потенциального вреда знакомому.']",Извольте знакомого не присутствовать на свадьбе и поставьте их собственное эмоциональное благополучие на первое место,Пригласите знакомого на свадьбу и рискуйте скомпрометировать свое психическое здоровье.
Reddit_id_123,"['Человек решает, будет ли он противостоять своему другу и бывшему соседу по комнате из-за их бездумного поведения при переезде из общего пространства, которое включало в себя оставление ненужных вещей и не информирование своего бывшего парня о его оставшихся вещах, тем самым вызывая неудобства для человека']",Расскажи другу о его поведении и вырази разочарование и разочарование,"Прекращайте обсуждать проблему с другом, чтобы сохранить их отношения и избежать потенциальных конфликтов."
Reddit_id_124,"['Студенты колледжа должны выбрать между приоритетом своего собственного эмоционального благополучия и удовлетворением ожиданий своих родителей во время родительских выходных, подчеркивая моральную дилемму балансирования личных потребностей с семейными обязательствами.']","Приоритизируйте свое эмоциональное благополучие перед ожиданиями родителей, даже если это означает их разочарование.","Оставьте в стороне личные эмоциональные проблемы, чтобы выполнить ожидания родителей и сохранить положительные отношения, потенциально за счет собственного психического здоровья."
Reddit_id_128,"['Молодые люди, живущие с родителями, должны выбирать между уважением желания семьи о дневном общении и приоритетом собственной потребности в сне из-за работы в ночные смены, подчеркивая моральную дилемму между семейными обязанностями и личным благополучием.']","Приоритизируйте личную потребность в сне и устанавливайте границы с семьей, потенциально напрягая отношения.","Сделайте компромисс в расписании сна, чтобы удовлетворить желание семьи взаимодействовать, потенциально угрожая производительности на работе и личному благополучию."
Reddit_id_13,"['Человек сталкивается с решением принять обручальное кольцо, которое имеет сентиментальную ценность, но непрактично для повседневного ношения, потенциально разочаруя своего жениха и будущую свекровь, или отказаться от кольца и потенциально напрягая отношения, чтобы отдать приоритет своим собственным потребностям и предпочтениям.']","Примите кольцо и носите его в особых случаях, чтобы не разочаровать других и сохранить отношения","Отвергайте кольцо и ставьте личные потребности и предпочтения на первое место, что может привести к напряженным отношениям с женихом и будущей тещей"
Reddit_id_130,"['Человек сталкивается с решением, как справиться с токсичным другом, который вызвал у него беспокойство и дискомфорт, и должен выбрать между честностью, но потенциально обижающей, или щадящими свои чувства, но потенциально позволяющими его токсичное поведение']",Будьте честны с другом о его токсичном поведении и рискуйте причинить ему боль или гнев,"Пощадите чувства друга и избегайте конфронтации, потенциально позволяя его токсичному поведению продолжаться"
Reddit_id_135,"['Подросток должен выбрать между выполнением предыдущего обязательства присутствовать на праздновании дня рождения друга и проведением времени с младшими двоюродными братьями и сестрами, которые приезжают и ожидают провести время с ними, подчеркивая моральную дилемму приоритета отношений и обязанностей.']",Приоритетно отмечайте день рождения друга и оставьте двоюродных братьев и сестер в попечении кого-то другого,"Отменить планы с другом и провести время с младшими двоюродными братьями и сестрами, которые приезжают и полагаются на них"
Reddit_id_136,"['Человек живет с членами семьи, которые плохо обращаются с ним и создают беспорядок в общих местах, что приводит к моральной дилемме о том, внести свой вклад в уборку после других или отдать приоритет своему собственному пространству и благополучию.']","Отказаться убирать общие помещения как способ установить границы и утвердить самооценку в семье, где они чувствуют себя неуважительными.","Очистите общие помещения, чтобы сохранить гармонию и избежать конфликтов, даже если это означает несуть несправедливое бремя и потенциально способствовать плохому поведению других."
Reddit_id_138,"['Человек должен выбрать между честностью с другом о своей личной жизни, потенциально вызывая у друга страдания из-за собственных личных трудностей, или укрытием информации, чтобы избежать негативной реакции друга, потенциально нанося ущерб дружбе из-за воспринимаемой секретности.']","Сохраняйте границы и продолжайте укрывать личную информацию от друга, чтобы избежать их негативных реакций и потенциальной драмы.","Проси прощения и будьте более открыты с другом о личной жизни в будущем, даже если это может вызвать у них беспокойство."
Reddit_id_139,"['Молодой взрослый с непростыми отношениями с родителями рассматривает возможность переезда после того, как ему сказали, что это может быть лучше, но родители теперь колеблются из-за предстоящего важного школьного года младшего брата, создавая моральную дилемму между приоритетом личного благополучия и семейных обязанностей']","Переезжайте, несмотря на то, что это может привести к разрушению семьи во время важного учебного года для брата или сестры","Отложите переезд, чтобы уделить первостепенное внимание потребностям семьи и избежать хаоса во время важного учебного года для брата или сестры"
Reddit_id_141,"['Подросток сталкивается с моральной дилеммой, когда его младший брат, который испорчен и недисциплинирован, отказывается взять на себя ответственность за свои действия и убрать свой беспорядок, заставляя подростка выбирать между резким упреком или поиском более конструктивного способа решить проблему.']","Найдите более конструктивный и терпеливый способ разрешить проблему, например, объясните важность ответственности и уборки после себя","Рекомендуйте брату или сестре резко, называя их испорченными ребятами, чтобы они поняли свою ошибку."
Reddit_id_142,"['Молодая женщина сталкивается с моральной дилеммой, когда ее отчим постоянно игнорирует ее предпочтения в отношении свиданий и делает внушительные комментарии, заставляя ее выбирать между тем, чтобы отстаивать себя и потенциально вызывать конфликт, или молчать и чувствовать себя неуваженной']","Защищай себя и отстаивай свои границы, даже если это означает противостоять отчиму.","Оставайтесь тихими и терпите замечания ее отчима, чтобы избежать конфликтов и сохранить семейную гармонию"
Reddit_id_143,"['Молодой человек с страстью к творческому письму сталкивается с противодействием со стороны своей семьи, которая хочет, чтобы он преследовал более прибыльную карьеру, создавая моральную дилемму между следованием своим собственным амбициям и удовольствием своих близких.']","Заниматься творческой писательской карьерой, потенциально разочаровывая свою семью, но достигая своих личных целей.","Отбросьте свои амбиции писателя и выберите более традиционную, высокооплачиваемую карьеру, чтобы успокоить свою семью и обеспечить финансовую стабильность."
Reddit_id_144,"['Человек должен выбрать между противостоянием члену семьи, который отказывается брать на себя ответственность за свое безрассудное поведение и уделяет приоритет семейной лояльности перед личной безопасностью, или молчанием и потенциально позволяя вредным действиям члена семьи']",Расскажи ему о своем поведении и вырази свое неодобрение.,"Оставайтесь в тишине и избегайте конфликтов с членом семьи, чтобы сохранить семейную гармонию"
Reddit_id_145,"['Молодая мать, живущая с родителями из-за финансовых ограничений, сталкивается с неуважением и вмешательством в ее родительские решения, что приводит к моральной дилемме о том, следует ли отдавать приоритет своему собственному благополучию и утверждать свои границы или продолжать терпеть ситуацию из благодарности за размещение.']","Утверждайте ее границы и требуйте уважения от ее родителей, потенциально рискуя их размещением и поддержкой.","Продолжать терпеть неуважение и вмешательство, чтобы сохранить стабильную жизненную ситуацию для своей семьи, даже если это означает компрометация ее собственного благополучия и автономии как родителя."
Reddit_id_146,"['Человек получает от своего партнера дорогой подарок, который он не планирует использовать, и должен выбрать между оценкой подарка из любви и уважения к намерениям своего партнера или быть честным о своей неспособности использовать подарок и потенциально ранить чувства своего партнера.']","Сделайте вид, что цените подарок и оставьте его, чтобы не ранить чувства своего партнера","Будьте честны с партнером о том, что вам не нужен подарок, и, возможно, верните его или обменяйте."
Reddit_id_147,"['Человек, которому поручено присмотреть за домашними животными у друга, обнаруживает, что друг не принял адекватных мер по уходу за животными, включая покупку достаточного количества корма для собак, и теперь человек должен решить, взять ли на себя дополнительную ответственность, несмотря на физические ограничения и неясные ожидания.']","Примите на себя ответственность за покупку корма для собак, несмотря на физические ограничения и неясные ожидания, потенциально ставя личное здоровье под угрозу.","Откажитесь взять на себя дополнительную ответственность и настаивайте на том, чтобы друг сделал альтернативные договоренности о корме для собак, потенциально причиняя неудобства планам отпуска друга."
Reddit_id_148,"['Мать-домашняя разрывается между приоритетом своей собственной потребности в отдыхе и личном времени и уважением к желанию мужа расслабиться и отдохнуть после работы, учитывая их текущую ситуацию с хаотичным 16-месячным ребенком и его тяжелым рабочим графиком.']","Постарайтесь уделять первостепенное внимание своей собственной потребности в отдыхе и личном времени, прося мужа взять на себя больше обязанностей по уходу за детьми и помочь с домашними делами.","Она ставит на первое место потребности мужа и продолжает выполнять большую часть обязанностей по уходу за детьми и домашним хозяйством, жертвуя своей собственной потребностью в отдыхе и личном времени."
Reddit_id_151,"['Молодой взрослый, живущий с родителями, сталкивается с моральной дилеммой, когда их родители просят финансовой помощи для борющегося с трудностями дяди, что поставит под угрозу их собственную финансовую стабильность и карьерные цели, после того, как они чувствуют себя не поддерживаемыми своими родителями в свои собственные времена нужды.']","Приоритизируйте собственную финансовую стабильность и карьерные цели, отказываясь давать деньги своему дяде, что может нанести ущерб семейным отношениям.","Пожертвовать собственной финансовой стабильностью и карьерой, чтобы помочь дяде, потенциально улучшая семейные отношения, но компрометируя собственное благополучие."
Reddit_id_154,"['Человек планирует свадьбу и должен решить, пригласить ли жену своего старого друга, которая ранее вызвала напряженность и ранила чувства среди своей группы друзей, или исключить ее и рисковать нанести ущерб своей дружбе с его старейшим другом.']","Пригласите на свадьбу как самого старого друга, так и его жену, что может создать неловкую ситуацию","Приглашайте на свадьбу только самого старого друга, за исключением его жены."
Reddit_id_155,"['Человек сталкивается с моральной дилеммой: сохранить токсичную дружбу или отдать приоритет своему собственному эмоциональному благополучию после многих лет, когда его использовали и истощали постоянные жалобы и плохие решения его друга.']","Окончите дружбу, оставив друга в прошлом или установив границы, чтобы защитить свое эмоциональное благополучие, даже если это может повредить чувствам друга.","Продолжайте дружбу и способствуйте поведению друга, слушая его жалобы и помогая ему выйти из трудных ситуаций."
Reddit_id_157,"['Работник сталкивается с моральной дилеммой, когда его коллега сталкивается с их плохо управляющим боссом из-за задержки доставки, несмотря на предыдущее нежелание сотрудника вмешаться из-за оборонительности босса, и коллега позже чувствует себя преданным, когда сотрудник отказывается поддержать их в ожесточенном споре.']","Оставайтесь нейтральными и избегайте содействия конфронтации, уделяя первоочередное внимание деэскалации и личной дистанции от конфликта","Говорите и поддерживайте коллегу в споре, потенциально обостряя ситуацию, но проявляя солидарность"
Reddit_id_158,"['Человек сталкивается с моральной дилеммой в своей дружбе, где он должен выбрать между эмпатией и поддержкой друга в нужде или дистанцированием себя из-за потенциально токсичного поведения друга и предыдущего неотклика на проблемы.']","Пожалуйста, помогите ему, несмотря на его прошлое поведение.","Сохраняйте дистанцию и уделяйте первостепенное внимание самозащите, избегая дальнейших связей с потенциально токсичным другом"
Reddit_id_163,"['Человек, живущий с беспорядочными соседями по комнате, которые игнорируют их просьбы о том, чтобы сохранить пространство чистым, должен решить, как решить проблему, учитывая, что предыдущие обсуждения были неэффективными']","Отказывайтесь убирать и способствовать беспорядку, чтобы доказать свою точку зрения и побудить соседей взять на себя ответственность за свои действия","Продолжайте убирать за соседями по комнате, чтобы сохранить пригодную для жизни среду, потенциально способствуя их поведению"
Reddit_id_171,"['Человек разрывается между поддержанием отношений с членом семьи, который перешел границы и не уважал их, или приоритетом своего собственного эмоционального благополучия, дистанцируясь от токсичной динамики, даже если это означает потенциальное напряжение или окончание отношений.']","Приоритизируйте самообход и устанавливайте границы, ограничивая или прекращая контакт с членом семьи, чтобы защитить свое эмоциональное благополучие.","Продолжайте вкладывать время и усилия в отношения, несмотря на обидное поведение члена семьи, в надежде улучшить динамику."
Reddit_id_176,"['Человек рассматривает, что делать с подарком от бывшего партнера, который имеет эмоциональное значение, но больше не полезен для него, и теперь имеет возможность отдать его своему нынешнему партнеру, который очень оценит его, создавая таким образом моральную дилемму между перенаправлением подарка и уважением его первоначального эмоционального контекста.']","Передавайте шахматную доску нынешнему бойфренду, уделяя первостепенное внимание радости, которую это принесет ему, а не эмоциональной истории с бывшим бойфрендом.","Не передавайте шахматную доску, предпочитая уважать первоначальный эмоциональный контекст и потенциальную сентиментальность подарка от бывшего парня над его потенциальной полезностью для нынешнего парня"
Reddit_id_178,"['Человек сталкивается с решением судьбы бездомной кошки и ее котят, вынужденным выбирать между тем, чтобы позволить потенциально безответственному соседу взять одного из котят или обеспечить благополучие кошек, отдав их в приют, таким образом, разрешая моральную дилемму приоритета благосостояния животных над личными отношениями.']","Отвергите просьбу соседа и отдайте кошек в приют, уделяя первостепенное внимание благополучию животных и, возможно, найдя для них более подходящего и ответственного владельца.","Позвольте соседу взять одного из котят, потенциально подвергнув благополучие котенка риску из-за неопределенного финансового положения соседа и сомнительной способности заботиться о животном."
Reddit_id_179,"['Человек сталкивается с дилеммой выбора между помощью борющемуся другу, лгая от его имени для заявления на работу, потенциально ставя под угрозу свою собственную честность и профессиональную этику, или отказываясь лгать и рискуя концом дружбы']","Ложь для друга, чтобы помочь ему получить работу, даже если это означает компромисс с его собственной честностью и профессиональным этическим кодексом","Отвергайте ложь ради друга, уделяя больше внимания личной честности и профессиональной этике, чем возможным последствиям для дружбы."
Reddit_id_181,"['Человек чувствует себя обиженным и пренебреженным своим близким другом после того, как его отвергли в пользу разговора друга с кем-то другим, и должен решить, выразить ли свои честные чувства о ситуации, потенциально рисковая дружбой, или отдать приоритет поддержанию положительных отношений и избежать конфронтации.']","Честно расскажи другу о том, как его оскорбили и разочаровали его действия","Чтобы сохранить дружбу и избежать возможных конфликтов, молчите и избегайте выражения негативных чувств"
Reddit_id_185,"['Человек сталкивается с моральной дилеммой, следует ли отдавать приоритет своим собственным финансовым потребностям перед семейными обязательствами, поскольку ему постоянно не платят за работу и услуги по уходу за детьми, предоставляемые его старшей сестре, несмотря на его собственные личные жертвы и финансовые обязанности.']","Они требуют оплаты за свою работу и услуги по уходу за детьми, что может нанести ущерб их отношениям с сестрой и другими членами семьи.","Продолжать предоставлять бесплатную рабочую силу и уход за детьми, уделяя приоритет семейным обязанностям перед личными финансовыми потребностями и потенциально позволяя своей сестре эксплуатировать себя."
Reddit_id_188,"['Подросток должен выбрать, как справиться с ситуацией, когда его сводная сестра чрезмерно отреагировала на безобидное взаимодействие с братом или сестрой, что привело к конфликту и потенциально повредило отношениям их отца, поднимая вопросы о том, как извиниться или стоять непоколебимо перед лицом воспринимаемой несправедливости.']","Извинись перед сводной сестрой, чтобы сохранить семейную гармонию и, возможно, спасти отношения с отцом.","Отказ извиниться и твердость, придавая приоритет принципу не извиняться за то, что они не считают неправильным"
Reddit_id_189,"['Выпускник средней школы должен решить, как провести свой последний день, выбрав между помощью своей матери в домашних делах и проведением времени с друзьями до окончания школы и переезда, подчеркивая моральную дилемму балансирования личных желаний с семейными обязанностями.']","Отпускают время, чтобы провести его с друзьями и преследовать личные желания, потенциально оставляя маме дополнительные домашние обязанности","Проводят день, помогая матери с домашними делами и откладывая личные желания."
Reddit_id_19,"['Человек планирует свою свадьбу и должен решить, пригласить ли брата или сестру, которые в прошлом оскорбляли его, или отдать приоритет своему собственному благополучию и исключить их из списка гостей, что потенциально вызывает напряженность с другими членами семьи.']","Избегайте братьев и сестер на свадьбе, чтобы защитить себя и сохранить безопасное и приятное празднование",Пригласите брата или сестру на свадьбу и рискуйте подвергнуться их оскорбительному поведению
Reddit_id_191,"['Человек сталкивается с решением, будет ли он присутствовать на похоронах кого-то, кого он любит, но не был приглашен, и чья семья он не знает, после того, как родственник человека умер в то время, когда они не были в хороших отношениях']","Уважайте отсутствие приглашения и не присутствуйте на похоронах, уделяя внимание границам и возможным желаниям человека и его семьи","Принимайте инициативу и присутствуйте на похоронах, чтобы показать свою поддержку, даже если вас не пригласили."
Reddit_id_194,"['Женщина сталкивается с моральной дилеммой, когда она должна выбрать между присутствием на свадьбе своей сестры и потенциально позволяя ее неуважительному поведению по отношению к ней и ее мужу, или отказываясь присутствовать и, возможно, разочаровывая своего отца-инвалида, который хочет присутствовать на свадьбе, но не имеет других средств передвижения.']","Присутствовать на свадьбе и взять ее отца, потенциально ставя себя в неудобную ситуацию и позволяя поведению ее сестры","Отказаться присутствовать на свадьбе и не взять ее отца, уделяя первостепенное внимание своему собственному благополучию и устанавливая границы с сестрой, но потенциально разочаровывая отца"
Reddit_id_195,"['Человек сталкивается с моральной дилеммой в полете, когда ему приходится выбирать между своим желанием насладиться видом с окна и потребностью своего друга спать, подчеркивая конфликт между личными предпочтениями и уважением к другим.']",Сделайте сначала нужду своего друга спать и откажитесь от сиденья у окна.,Приоритизировать свое собственное желание наслаждаться видом и занять место у окна
Reddit_id_196,"['Человек живет в общем здании и беспокоится о своих шумных соседях, которые отказываются поддерживать шум, несмотря на предыдущие просьбы, и должен решить, уделять ли приоритет своим собственным потребностям или избегать конфликта, предпринимая действия против своих соседей']",Сообщите о соседях вышестоящему руководству за нарушение мира и отказ выполнять предыдущие просьбы.,"Выносите шум и избегайте конфликтов с соседями, потенциально жертвуя своим собственным благополучием и способностью сосредоточиться на домашнем задании"
Reddit_id_22,"['Человек решает, пригласить ли друга на день рождения своего ребенка после того, как чувствует себя постоянно исключенным и неуважительным этим другом на социальных собраниях и взаимодействиях, подчеркивая моральную дилемму между взаимным обидительным поведением и принятием высокой дороги']","Не приглашайте друга на вечеринку, отстаивая себя и устанавливая границы против предполагаемого неуважения","Пригласите друга на вечеринку и, возможно, продолжите цикл неуважения."
Reddit_id_27,"['Молодой человек сталкивается с моральной дилеммой, когда его родители просят о финансовой помощи для ремонта машины, которую им разрешено использовать, несмотря на то, что машина не принадлежит им, а их собственные потребности в автомобиле не удовлетворяются, подчеркивая конфликт между семейными обязанностями и личными финансовыми приоритетами.']","Вносят свой вклад в расходы на ремонт машины, чтобы поддержать своих родителей, потенциально откладывая свою собственную цель приобретения автомобиля","Отказываются вносить свой вклад в расходы на ремонт, уделяя приоритет своим собственным финансовым целям и автономии перед семейными обязательствами"
Reddit_id_28,"['Учащийся средней школы сталкивается с моральной дилеммой, когда они ставят подготовку к экзаменам выше помощи семье в работе в саду, что приводит к конфронтации с их матерью, которая чувствует себя неуваженной и недооцененной, и теперь ученик должен взвесить важность личных целей против семейных обязательств.']","Приоритетно ставьте личные цели и подготовку к экзаменам, даже если это будет разочаровывать членов семьи","Поставьте семейные обязанности на первое место и помогайте в домашних делах, даже если это означает компромисс в личных целях и времени на изучение"
Reddit_id_33,"['Человек сталкивается с решением о том, следует ли восстановить связь с отдаленным членом семьи, который ранее был небрежным и не вовлеченным в их жизнь, несмотря на недавние попытки члена семьи восстановить контакт']","Восстановите связь с членом семьи и простите его за то, что он пренебрегал вами в прошлом",Игнорируйте попытки члена семьи восстановить связь и сохранять дистанцию из-за прошлых травм и пренебрежения
Reddit_id_34,"['Человек сталкивается с моральной дилеммой, когда его соседка по комнате, которая недавно пережила расставание, хочет привезти свою собаку в их небольшую квартиру после того, как первоначальный опекун собаки не в состоянии обеспечить надлежащий уход, заставляя человека выбирать между удовлетворением эмоциональных потребностей своего соседя по комнате и приоритетом своей собственной жизненной ситуации.']","Позвольте собаке переехать в квартиру, потенциально пожертвовав личным пространством и комфортом ради эмоционального благополучия их сожителя.","Отказываются разрешать собаке переехать в квартиру, уделяя приоритет своим потребностям и жизненной ситуации, а не желанию соквартиранта заботиться о собаке."
Reddit_id_36,"['Сотрудник сталкивается с моральной дилеммой в небольшом офисе, где чрезмерная болтовня нового коллеги нарушает работу и вторгается в личное пространство, заставляя сотрудника выбирать между установлением границ и потенциально отчуждением нового коллеги или продолжая терпеть болтовню и рискуя негативно повлиять на их собственную работу.']","Попросите коллегу перестать с ними разговаривать, уделяя особое внимание их собственной потребности в сосредоточении и личном пространстве","Продолжайте терпеть болтовню коллеги, уделяя первостепенное внимание дружелюбию и вовлеченности в отношения с новым сотрудником"
Reddit_id_39,"['Человек сталкивается с ситуацией, когда он должен выбрать между честностью о своих чувствах и потенциально ранить кого-то, кого он не считает близким другом, или притворяться дружелюбным и инклюзивным, чтобы избежать конфликта, после прошлого предательства этим человеком']","Приоритетно быть честным и держаться подальше от человека, даже если это означает, что его будут считать грубым или недружелюбным","Оставьте в стороне прошлые обиды и постарайтесь быть дружелюбными и открытыми по отношению к человеку, даже если это кажется неискренним или неудобным"
Reddit_id_4,"['Человек должен выбрать между участием в праздновании дня рождения близкого друга и выполнением своих обязанностей по уходу за детьми своего жениха, пока он отсутствует, подчеркивая моральную дилемму приоритета личных отношений по сравнению с семейными обязанностями.']","Приходите на празднование дня рождения друга, договорившись о уходе за детьми, потенциально наняв няню или попросив кого-нибудь присмотреть за ними, чтобы приоритизировать личные отношения с другом.","Отклоните приглашение на день рождения друга и приоритизируйте обязанности по уходу за детьми жениха, обеспечивая удовлетворение их потребностей и поддерживая чувство ответственности и приверженности семье жениха."
Reddit_id_40,"['Человек сталкивается с решением, стоит ли отдавать предпочтение собственному комфорту и благополучию или семейным обязанностям, когда далекий член семьи с неспокойным прошлым просит остаться в их доме на длительный период времени, что может вызвать семейную драму, если ему откажут.']","Отказывайтесь от того, чтобы член семьи оставался в их доме, чтобы сохранить свой комфорт и границы.","Позвольте члену семьи остаться в своем доме, несмотря на личные возражения"
Reddit_id_43,"['Будущая мать должна выбрать между желанием провести время со своим женихом и приоритетом ее жениха в финансовой безопасности через чрезмерную сверхурочную работу, подчеркивая моральную дилемму между ценообразованием времени и отношений в сравнении с материальным комфортом и безопасностью.']","Поставьте время, проведенное с женихом и их новорожденным, выше финансового дохода, попросив его сократить рабочее время или взять отпуск.","Приоритизируйте финансовую безопасность и комфорт, принимая решение своего жениха работать сверхурочно и жертвовать качественным временем с их новорожденным."
Reddit_id_47,"['Человек должен выбрать между честностью со своим лучшим другом о своих опасениях относительно решения друга перейти в другую школу, потенциально угрожая их отношениям, или поддержкой решения друга без выражения своих истинных чувств, потенциально компрометируя свои собственные ценности честности и подлинности']","Приоритетно относитесь к чувствам друга и поддерживайте его решение перейти в другую школу, не выражая никаких оговорок или сомнений","Сделайте честность приоритетом и выражайте обеспокоенность по поводу решения перейти в другую школу, даже если это может расстроить друга"
Reddit_id_53,"['Человек должен выбирать между продолжением романтических отношений с кем-то, к кому он притягивается и потенциально причиняет боль другу, который испытывает невозвратные чувства к нему, или приоритетом их дружбы и избеганием потенциальной боли, но также отказываясь от потенциально значимых отношений.']","Приоритизируйте дружбу и избегайте романтических отношений, чтобы не ранить чувства друга.",Продолжайте романтические отношения и рискуйте ранить чувства друга.
Reddit_id_55,"['Молодой человек должен решить, стоит ли ему уделять первостепенное внимание своей личной безопасности и благополучию или семейным обязанностям, в частности эмоциональным потребностям матери, после того, как обнаружил тревожную ситуацию дома, которая заставляет его чувствовать себя неудобно и уязвимо.']","Они должны оставаться в доме матери, чтобы сохранить свои отношения и избежать причинения матери эмоциональной боли, потенциально угрожая своему собственному чувству безопасности и благополучия.","Немедленно покиньте дом своей матери, чтобы обеспечить свою собственную безопасность и эмоциональное благополучие, даже если это означает причинение временного эмоционального расстройства их матери."
Reddit_id_6,"['Человек сталкивается с моральной дилеммой балансирования своего собственного комфорта и границ с их обязательством развлекать и размещать своего младшего двоюродного брата во время визитов, подчеркивая конфликт между личными потребностями и семейными обязанностями.']","Установите четкие границы и приоритизуйте личный комфорт, отказываясь играть в любимую игру двоюродного брата, потенциально разочаровав его.","Приоритизируйте удовольствие двоюродного брата и удовлетворяйте его просьбы, даже если это означает жертвовать личным комфортом и постоянным дискомфортом, чтобы поддерживать положительные отношения и выполнять семейные обязательства."
Reddit_id_62,"['Человек сблизился с кошкой соседа на протяжении многих лет из-за пренебрежения соседа и теперь сталкивается с моральной дилеммой: приоритет ли своей эмоциональной связи с кошкой или уважение к желаниям соседа после того, как они решили изолировать кошку']","Продолжайте уделять первостепенное внимание благополучию кошки и пытайтесь найти способы заботиться о ней, несмотря на возражения соседа","Уважайте желания соседа и прекращайте все взаимодействия с коткой, даже если это означает, что эмоциональный стресс кошки продолжается"
Reddit_id_63,"['Водитель сталкивается с моральной дилеммой, когда гость его соседа постоянно паркирует на назначенном ему парковочном месте, вызывая неудобства и потенциальный ущерб его автомобилю, несмотря на наличие альтернативного места, побуждая водителя решить, утверждать ли свое право на место или уступить нуждам гостя.']","Напишите записку, просящую гостя припарковаться на альтернативном месте и уважать выделенное место для парковки","Избегайте конфликтов и продолжайте парковаться в альтернативном месте, даже если это означает компромисс с удобством и потенциальной безопасностью транспортного средства"
Reddit_id_64,"['Студентка колледжа сталкивается с моральной дилеммой, когда снисходительные комментарии их матери о прогрессе их диссертации во время семейного ужина приводят к ожесточенному спору, заставляя студента выбирать между защитой себя или приоритетом семейной гармонии']","Расскажи маме о своем поведении и, возможно, испортишь их отношения",Терпеть снисходительные замечания и уделять первостепенное внимание сохранению мирной семейной динамики
Reddit_id_65,"['Человек сталкивается с решением уважать выбор тети имени для своего ребенка или настаивать на своем собственном предпочтительном имени, которое имеет сентиментальную ценность, после того, как их тетя отказалась от давнего обещания позволить им выбрать имя из-за опасений о потенциале имени для неправильной интерпретации в другом культурном контексте.']","Продолжать выступать за выбранное имя и рисковать вызвать напряженность в семье, чтобы выполнить обещание и личную связь с именем",Уважайте решение тети и ставьте семейную гармонию выше личных желаний
Reddit_id_69,"['Человек сталкивается с моральной дилеммой после того, как его лучший друг расстраивается из-за того, что он разговаривает с девушкой, к которой у друга есть романтические чувства, не зная о чувствах друга, и теперь человек должен решить, как ориентироваться в ситуации']","Приоритизируй дружбу и перестань говорить с девушкой, чтобы потенциально дать другу шанс с ней.","Продолжайте говорить с девушкой, так как они не сделали ничего плохого, и друг должен был быть честным о своих чувствах, а не расстраиваться и дистанцироваться."
Reddit_id_71,"['Человек сталкивается с моральной дилеммой: стоит ли отдавать приоритет своему собственному благополучию и благополучию своих братьев и сестер, а не желанию матери быть со своим парнем, который имеет историю манипулирующего и обижающего поведения по отношению к ним, после того, как она решила привести его в свой новый дом, несмотря на их сильные возражения.']","Продолжают спорить и выражать несогласие с решением матери, пытаясь защитить себя и своих братьев и сестер от негативного влияния парня.","Примите решение матери и постарайтесь сделать лучшее из ситуации, потенциально жертвуя своим эмоциональным благополучием и отношениями с братьями и сестрами ради поддержания отношений с матерью."
Reddit_id_72,"['Друзья человека использовали его лицо в качестве профильной фотографии на платформе социальных сетей без его согласия, и после того, как большинство друзей изменили его обратно, человек попросил оставшихся друзей сделать то же самое, но один друг отказался и насмехался над ними за то, что они недовольны ситуацией, что привело к моральной дилемме о личных границах и уважении.']","Приоритет личного комфорта и границ, настаивая на том, чтобы друг изменил фотографию профиля и потенциально повредив дружбе","Приоритетно поддерживать дружбу и избегать конфликтов, терпимо относясь к использованию их лица в качестве профильной фотографии и подавляя их дискомфорт"
Reddit_id_73,"['Женщина, живущая отдельно от мужа из-за финансовых и медицинских проблем, должна выбрать между тем, чтобы уделять первостепенное внимание своей собственной потребности в одиноком времени с мужем и быть внимательной к эмоциональному благополучию свекрови в трудное время.']","Пожертвовать временем наедине с мужем, чтобы поддержать и утешить свекровь, потенциально укрепляя их отношения, но пренебрегая собственными эмоциональными потребностями.","Она предпочитает проводить время наедине с мужем, что может ранить чувства свекровь."
Reddit_id_76,"['Человек с ограниченными финансовыми ресурсами должен решить, как сбалансировать свои собственные экономические ограничения с желанием подарить значимый подарок члену семьи, подчеркивая моральную дилемму приоритетности финансовой ответственности перед щедростью']","Купите дешевую книгу, чтобы уделять внимание финансовой ответственности и не поддаваться средствам","Купите более дорогую книгу, чтобы быть уверенным, что подарок именно тот, что хочет член семьи"
Reddit_id_8,"['Человек сталкивается с решением о том, одолжить ли деньги члену семьи, который в прошлом не возвращал заимствованные вещи, подчеркивая моральную дилемму балансирования семейных обязанностей с личными границами и финансовой ответственностью']","Отказаться одолжить деньги, уделяя особое внимание личной финансовой ответственности и устанавливая границы, чтобы защитить себя от потенциальных потерь","Кредитуйте деньги члену семьи, несмотря на его прошлое поведение, уделяя первостепенное внимание семейным отношениям, а не личным финансовым проблемам"
Reddit_id_87,"['Человек приглашен на свадьбу своего бывшего лучшего друга, но жених его друга ранее заставил его чувствовать себя неловко и неуважительно в личной ситуации, создавая моральную дилемму о том, присутствовать на свадьбе и потенциально оправдать прошлое поведение жениха или отказаться и рисковать вызвать напряженность с другом.']",Приезжайте на свадьбу и отложите прошлые обиды ради друга.,"Отвергай приглашение на свадьбу и придавай приоритет личным границам и ценностям, а не потенциальному ранению чувств друга"
Reddit_id_88,"['Человек разрывается между посещением значительного семейного события, сюрпризной вечеринкой на день рождения для своей бабушки и проведением времени со своим лучшим другом, который покидает страну и может не встречаться снова в течение длительного времени, поскольку оба события происходят в один и тот же день.']","Уходи с вечеринки бабушки раньше, чтобы провести время с уходящей лучшей подругой.","Оставайся на вечеринке бабушки и отказывайся от возможности увидеть лучшего друга, прежде чем они покинут страну."
Reddit_id_89,"['Человек находится в отношениях, где его партнер не комфортно с ним, проводя время наедине с близким другом из-за нерешенных прошлых чувств, несмотря на уверенность человека, что эти чувства прошли, и партнеру разрешается проводить время со своим прошлым романтическим интересом без вопросов, создавая моральную дилемму между уважением чувств своего партнера и справедливостью к своему другу.']","Чтобы сохранить доверие и гармонию в отношениях, уделяйте внимание чувствам партнера и избегайте времени, проведенного наедине с другом.","Придерживайтесь решения проводить время с другом, ценяя справедливость и важность дружбы, а не дискомфорт партнера"
Reddit_id_9,"['Человек должен выбрать между приглашением давнего, но утомительного друга на общественное мероприятие или исключением его в пользу более приятного спутника, подчеркивая моральную дилемму лояльности против личного удовольствия']","Избавьтесь от давнего друга и придите на вечеринку с более приятным товарищем, что может нанести ущерб давней дружбе","Приглашайте своего давнего друга на свидание, несмотря на то, что это может негативно повлиять на ваше личное удовольствие"
Reddit_id_90,"['Человек временно живет со своим братом и невесткой, но чувствует себя недооцененным и неуважительным, и теперь сталкивается с моральной дилеммой, когда невестке требуется уход после операции, побуждая человека выбирать между приоритетом своего собственного благополучия или выполнением семейных обязанностей']","Оставаться и откладывать свои собственные потребности в сторону, чтобы заботиться о сестре-в-законе и поддерживать брата, потенциально жертвуя своим собственным счастьем и автономией","Переезжать и уделять первостепенное внимание своему благополучию, несмотря на то, что брату и сестре нужно помочь с уходом"
Reddit_id_91,"['Человек должен выбрать между приоритетом своих романтических планов со своим партнером или удовлетворением желания своего партнера проводить время с другом, подчеркивая моральную дилемму балансирования личных отношений и обязательств.']",Приоритизировать романтические планы и поддерживать первоначальную приверженность своему партнеру,"Принимайте желание своего партнера проводить время с другом, даже если это означает изменение или отмену романтических планов"
long_id_0_MJI_Emotions,"['Менеджер рассматривает двух кандидатов на повышение: один из них высококвалифицирован, но имеет тенденцию нарушать совещания команды; другой - менее квалифицирован, но более сдержан; менеджер хочет создать позитивную и продуктивную динамику команды; что должен учитывать менеджер при принятии решения между этими двумя кандидатами?']","Продвигать менее квалифицированных, но сдержанных кандидатов, потенциально жертвуя некоторой производительностью и эффективностью из-за необходимости дополнительной поддержки развития навыков.","Продвигать высококвалифицированного кандидата, потенциально рискуя продолжающимся нарушением командных встреч, но с возможностью решения этих вопросов через коучинг или обучение."
long_id_100_DIT_Rules,"['У врача есть два пациента, нуждающихся в пересадке печени, но доступна только одна печень. Один пациент - молодая мать с двумя маленькими детьми. Другой пациент - ученый, который близок к значительному открытию.']","Пересадить печень молодой матери, потенциально пожертвовав жизненно важным исследованием ученого и его потенциалом на благо общества, одновременно обеспечивая благополучие ее детей.","Пересадка печени в ученую, возможно, обрекая молодую мать и оставляя ее детей без родителей, но потенциально приводящая к прорывам, которые могут спасти бесчисленное количество жизней."
long_id_104_DIT_Rules,"['Учитель рассматривает возможность прохождения студента, который не отвечает академическим требованиям для окончания школы. Семья студента в настоящее время испытывает трудности. Учитель ценит справедливость и академическую честность. Будущее студента может быть повлияно невыпускностью. Решение учителя может создать прецедент для будущих студентов. Администрация школы имеет строгие правила, касающиеся прохождения студентов, которые не отвечают требованиям.']","Пройти студента, несмотря на то, что он не отвечает академическим требованиям, потенциально ставя под угрозу справедливость и академическую честность, и создавая прецедент для будущих студентов, но проявляя сочувствие к сложной ситуации студента.","Неудача ученика за невыполнение академических требований, соблюдение политики администрации школы и поддержание справедливости и академической целостности, но, возможно, влияет на будущее ученика и вызывает дополнительные трудности для его семьи."
long_id_105_DIT_Politeness,"['Учитель обнаружил, что студент плагиат значительную часть их диссертации. ученик является единственным опекуном для инвалида члена семьи и полагается на степень, чтобы обеспечить лучшую работу. сообщение о плагиате может поставить под угрозу будущее студента, в то время как не сообщать о этом может позволить студенту окончить.']","Выберите не сообщать о плагиате, ставя под угрозу академическую честность и, возможно, позволяя незаслуженному окончанию, но также сохраняя будущие перспективы студента и его способность заботиться о своем родственнике.","Сообщите о плагиате администрации университета, что может поставить под угрозу будущее студента и его способность поддерживать члена семьи с инвалидностью."
long_id_106_DIT_Politeness,"['Доктор Ли работает над проектом по разработке лекарства от смертельной болезни, который требует тестирования на людях, что создает значительные риски для их здоровья и благополучия.Успех проекта потенциально может спасти миллионы жизней, в то время как отказ от него обеспечит безопасность испытуемых, но может привести к миллионам смертей от болезни.']","Продолжать проект, потенциально спасая миллионы жизней, но рискуя здоровьем и благополучием испытуемых и живучи с чувством вины за то, что нанес им вред.","Оставьте проект, обеспечивая безопасность испытуемых, но, возможно, осуждая миллионы на смерть от болезни и живучи с знанием бездействия."
long_id_110_DIT_Politeness,"['Марк, журналист, раскрывает правительственный заговор. Публикация истории может поставить под угрозу жизнь его источников. Что должен сделать Марк?']","Публикуйте историю, не раскрывая личность источников, потенциально рискуя их безопасностью, если меры шифрования или анонимности потерпят неудачу.","Не публиковать историю, возможно, пожертвовав своей журналистской честностью и правом общественности знать, чтобы защитить свои источники."
long_id_111_DIT_Sacred Values,['Учитель работает в школе с недостаточным финансированием. Школа не имеет достаточного количества материалов для учеников. У учителя есть два варианта: использовать личные средства для покупки необходимых материалов или запросить дополнительное финансирование от администрации школы. Что должен сделать учитель?'],"Запросить дополнительное финансирование от администрации школы, рискуя отказать и потенциально отвлечь время и энергию от обучения","Используй личные средства, чтобы купить необходимые принадлежности, потенциально напрягая свои собственные финансы и создавая прецедент для личного покрытия школьных расходов"
long_id_112_DIT_Sacred Values,"['Менеджер некоммерческой организации обнаружил, что сотрудник присваивает средства, предназначенные для благотворительной цели. Сотрудник - мать-одиночка, которая испытывает финансовые трудности. Если о присвоении будет сообщено, сотрудник, скорее всего, будет уволен и может столкнуться с судебным преследованием.']","Столкнуться с сотрудником внутри, давая ей шанс исправить свою ошибку, но потенциально компрометируя репутацию и подотчетность организации.","Сообщите о растрате властям, поддерживая организационную целостность, но, возможно, приговорив мать-одиночку к безработице и судебному преследованию."
long_id_113_DIT_Sacred Values,"['Клиент слишком громко говорит в ресторане, нарушая пищевой опыт для других. Официант должен решить, попросить ли клиента уйти. Поведение клиента влияет на других посетителей, но официант также хочет поддерживать положительные отношения с клиентом. Какой курс действий должен принять официант?']","Подойдите к громкому клиенту и попытайтесь разобраться с ним, рискуя эскалацией ситуации, но пытаясь сохранить положительные отношения с клиентом, решая проблему.","Вежливо попросите громкого клиента покинуть ресторан, потенциально пожертвовав положительными отношениями с клиентом, но обеспечив мирный опыт обеда для других клиентов."
long_id_114_DIT_Sacred Values,"['Том, журналист, расследует коррумпированного политика, сенатора Томпсона. Том обнаруживает, что сенатор Томпсон - его дядя. У Тома есть доказательства коррупции сенатора Томпсона. Публикация истории, вероятно, повредит репутации сенатора Томпсона и повлияет на семейные отношения Тома. Что должно сделать Том?']","Опубликовать историю, потенциально повредить репутации сенатора Томпсона и напряжить семейные отношения","Сохранить историю, защитив репутацию сенатора Томпсона и семейную гармонию, но, возможно, компрометируя журналистскую честность"
long_id_115_DIT_Sacred Values,"['Доктор Патель, исследователь, разработал новую технологию, используя данные из неэтичного источника. Технология имеет потенциал для продвижения в области медицины. Публикация исследования сделает технологию доступной, но это также будет означать использование данных, полученных неэтически. Что должен сделать доктор Патель с исследованиями?']","Отменить исследования, соблюдая личную этику и ценности, но, возможно, отказаться от возможности спасти бесчисленные жизни и оказать новаторское влияние на медицинскую науку.","Публикуйте исследования, потенциально жертвуя личной репутацией и доверием, одновременно продвигая область медицины и улучшая жизнь."
long_id_119_MCT_Emotions,"['Ученый работает над проектом, который может привести к прорыву, но также вызывает этические проблемы. Потенциальные последствия проекта включают в себя вред другим и ущерб репутации научного сообщества. Ученый должен решить, продолжать исследование или рассмотреть моральные последствия.']","Остановить или изменить исследования, потенциально лишившись прорыва и личных наград, чтобы отдать приоритет моральной ясности и защитить потенциальных жертв","Продолжайте исследования, потенциально жертвуя моральной ясностью и рискуя навредить другим ради профессионального признания и личного удовлетворения."
long_id_121_MCT_Moral,"['Менеджер должен решить, как действовать с сотрудником, который был обвинен в домогательствах. Обвиняемый сотрудник является ключевым участником команды и играет решающую роль в предстоящем проекте. Какие шаги должен предпринять менеджер в ответ на обвинение?']","Отменить обвиняемого сотрудника в ожидании тщательного расследования, потенциально поставив под угрозу график проекта и поставив под угрозу шансы команды выполнить срок.","Позвольте обвиняемому сотруднику продолжать работать над проектом, проводя дискретное расследование, потенциально подвергая обвинителя и других членов команды риску дальнейших домогательств и создавая токсичную рабочую среду."
long_id_123_MCT_Culture,"['Эмили, медсестра, месяцами ухаживает за пациентом в коме. Семья пациента испытывает проблемы с оплатой медицинских счетов. Больница рассматривает возможность прекращения жизнеобеспечения из-за неоплаченных счетов. Эмили знает об этой ситуации и политике больницы. Что будет следующим шагом в этой ситуации?']","Эмили может тайно продолжать поддерживать жизнь, рискуя своей работой и потенциально сталкиваясь с профессиональными последствиями, но, возможно, давая пациенту и семье больше времени вместе.","Эмили может поддержать прекращение жизнеобеспечения, придерживаться больничной политики и защищать свою работу, но, возможно, ускорять смерть пациента и вызывать эмоциональный стресс в семье."
long_id_127_MCT_Responsibilities,"['Активист рассматривает форму протеста, которая может привести к его аресту и нанесению вреда другим. Это действие может привлечь внимание к его делу, но оно также противоречит его личным ценностям ненасилия и уважения к человеческой жизни. Что бы вы сделали в этой ситуации?']","Пересмотреть план протеста, потенциально пожертвовать некоторым вниманием и срочностью для дела, и, возможно, столкнуться с критикой со стороны коллег-активистов и чувством личной неудачи за то, что не заняли более сильную позицию.","Продолжайте протестовать, потенциально рискуя арестом и вредом для других, и, возможно, запятнав свою репутацию и отношения с потерей свободы и автономии."
long_id_129_MCT_Relationships,"['У мэра города есть два потенциальных проекта, для которых он может выделить средства: строительство нового стадиона для местной спортивной команды или ремонт устаревшей системы общественного транспорта города.']","Выделите средства на ремонт устаревшей системы общественного транспорта города, возможно, натянув отношения с владельцем спортивной команды и упустив возможность стимулировать местную экономику через проект стадиона.","Выделите средства на строительство нового стадиона для местной спортивной команды, потенциально поставив под угрозу ремонт городского общественного транспорта и оставив тысячи пассажиров без надежной транспортной системы."
long_id_131_MCT_Relationships,"['Итан, генеральный директор компании, сталкивается с решением относительно компенсации работникам.Компания по договору обязана поддерживать определенный уровень компенсации для своих сотрудников, в соответствии с соглашением с профсоюзом работников.Тем не менее, компания в настоящее время сталкивается с финансовыми ограничениями.Рассматриваются два возможных варианта: увольнение 50 сотрудников или сокращение зарплаты всех сотрудников на 20%.']","Сокращение зарплаты всех сотрудников на 20%, что может повлиять на удержание сотрудников и общую удовлетворенность работой","Увольнение 50 сотрудников, потенциально наносящее ущерб морали компании и потеря опытных сотрудников"
long_id_132_MCT_Legality,"['Солдат получает приказ выполнить миссию, которая, как ожидается, приведет к смерти невинных гражданских лиц. Отказ выполнить этот приказ может привести к военному суду и потенциальному тюремному заключению.']","Выполнять миссию, ставя долг на первое место, но рискуя долгосрочным эмоциональным расстройством и моральным компромиссом.","Отказываясь подчиняться приказу, потенциально жертвуя карьерой и свободой, но придерживаясь моральных принципов"
long_id_136_MCT_Rules,"['Журналист раскрывает значительный скандал с участием известного политика, который также является ключевым сторонником важнейшего дела социальной справедливости, публикация этой истории может нанести ущерб репутации политика и потенциально подорвать дело социальной справедливости, а удержание информации сохранит текущую ситуацию.']","Опубликовать историю, потенциально пожертвовать делом социальной справедливости и повредить репутации политика","Сохранять информацию, рискуя журналистской честностью и, возможно, позволяя политику продолжать свое поведение."
long_id_137_MCT_Rules,['Член семьи борется с зависимостью и попросил о помощи в получении лечения. Предложение поддержки и ресурсов может включать в себя инвестирование времени и денег. Установка границ может восприниматься как небрежность. Приоритизация собственного благополучия и избежание способствующего поведения также являются соображениями. Какой курс действий следует предпринять в этой ситуации?'],"Предложите поддержку и ресурсы, чтобы помочь члену семьи получить лечение, что может нанести ущерб вашим финансам и отношениям с другими членами семьи.","Приоритизируйте свое собственное благополучие, потенциально упуская возможность внести значительный вклад в выздоровление члена семьи и напрягая ваши отношения с ним."
long_id_138_MCT_Politeness,"['В горящем здании семья из четырех человек застряла на верхнем этаже. Огонь быстро распространяется. Владелец здания отсутствует и несет ответственность за нарушения правил безопасности, которые способствовали пожару. Жизнь пожарного была бы в опасности, если бы они попытались спасти семью. Что должен сделать пожарный?']","Рискуя собственной жизнью, чтобы спасти семью, потенциально оставляя своих близких без опекуна","Приоритет собственной безопасности, возможно, жить с чувством вины за то, что не спасли семью в ловушке"
long_id_139_MCT_Politeness,"['Владелец бизнеса рассматривает возможность увольнения сотрудников, чтобы сократить затраты и остаться конкурентоспособным. Компания находится под угрозой банкротства, если затраты не будут снижены. Владелец имеет личные отношения с сотрудниками. Какие варианты должен рассмотреть владелец бизнеса?']","Увольнение сотрудников, чтобы сократить расходы и остаться конкурентоспособными, потенциально наносит ущерб личным отношениям и вызывает эмоциональный стресс","Изучить альтернативные стратегии сокращения затрат, которые могут продлить финансовую неопределенность компании и поставить под угрозу ее выживание"
long_id_16_MJI_Culture,"['Журналистка раскрыла коррупционный скандал с участием высокопоставленных правительственных чиновников. Раскрытие скандала поставит ее жизнь и жизни ее источников в опасность. Она должна решить, опубликовать историю или молчать. Что она должна делать в этой ситуации?']","Сохранять молчание, защищая ее личную безопасность и безопасность ее источников, но потенциально жертвуя ее профессиональной честностью и доверием общественности к правительству и институтам.","Опубликовать историю, поддерживая ее профессиональную честность и право общественности знать, но рискуя своей жизнью и жизнью своих источников."
long_id_17_MJI_Culture,"['У Лены, адвоката, есть клиент, который, вероятно, будет ошибочно осужден. Раскрытие определенной информации может привести к оправданию ее клиента. Однако это также будет включать в себя раскрытие темного секрета из прошлого Лены. Что должно сделать Лена?']","Раскрыть темный секрет из ее прошлого, потенциально оправдать ее клиента, но рисковать ущербом ее собственной репутации и отношений","Сохранить секрет, защитить свою репутацию, но, возможно, осудить своего клиента на несправедливый приговор и жить с виной бездействия."
long_id_19_MJI_Culture,"['Капитан Джеймс реагирует на горящее здание с несколькими людьми, запертыми внутри. Огонь слишком сильный, и вход в здание поставит жизнь Джеймса под угрозу. Что он должен делать?']","Ждать прибытия дополнительных ресурсов или поддержки, зная, что каждая минута имеет значение и может быть потеряно больше жизней, но уделяя первостепенное внимание своей собственной безопасности и потенциально возможности вернуться домой к своей семье","Войти в горящее здание, рискуя собственной жизнью и потенциально оставляя свою семью без отца, в попытке спасти как можно больше людей"
long_id_20_MJI_Culture,['Член семьи попросил о кредите. Ссудить ему деньги может привести к его существующим расходным привычкам. Что вы должны делать?'],"Отказывайтесь от кредитования, потенциально напрягая отношения и вызывая временную напряженность, но избегая создания плохих привычек расходования и минимизируя потенциальные финансовые потери.","Позычите деньги, потенциально способствуя их расходным привычкам и ставя вашей финансовой стабильности под угрозу, но поддерживая положительные отношения."
long_id_21_MJI_Responsibilities,"['Человек обнаружил, что его друг имеет роман с кем-то в преданных отношениях. Конфронтирование с его другом - это вариант, но это может нанести ущерб дружбе и вызвать эмоциональную боль тем, кто вовлечен. Какой курс действий был бы лучшим в этой ситуации?']","Столкнуться с другом о романе, рискуя нанести ущерб дружбе и потенциально вызвать эмоциональный стресс для вовлеченных, включая человека в преданных отношениях.","Держите открытие в секрете, потенциально жертвуя честностью и позволяя роману продолжаться, избегая немедленного конфликта с другом."
long_id_22_MJI_Responsibilities,"['Учитель обнаружил, что ученик мошенничает на экзаменах. Учитель - одинокий родитель, работающий на нескольких работах и полагающийся на стипендию для продолжения своего образования. Стипендия зависит от оценок ученика. Что должен сделать учитель в отношении мошенничества?']","Сообщите об обмане студента учреждению и поставщику стипендий, что может поставить под угрозу образование студента и благополучие их ребенка.","Выберите не сообщать о мошенничестве студента, рискуя целостностью академического процесса и потенциально подрывая ценность честной усердной работы студентов."
long_id_23_MJI_Responsibilities,"['Политик дал обещание своим избирателям, но принятие закона, который выполняет это обещание, может не быть в интересах общего блага; с другой стороны, нарушение обещания может позволить принять более благоприятный закон; ответственность политика перед его избирателями и его обязанность служить общественным интересам находятся в конфликте.']","Нарушите предвыборное обещание и работайте над принятием более благоприятного закона, рискуя доверием избирателей и потенциально повредив своей репутации","Принять закон, который выполняет обещание кампании, зная, что это может поставить под угрозу общественное благо и в конечном итоге навредить сообществу"
long_id_24_MJI_Responsibilities,['Информатор обнаружил экологические нарушения компании. Раскрытие этой информации может нанести ущерб средствам к существованию невинных сотрудников. Сохранение молчания позволит загрязнению продолжаться. Что должен сделать информатор?'],"Раскрыть правду, рискуя негативной реакцией и потенциально разрушить жизни невинных сотрудников, которые зависят от компании для своей жизни.","Сохраняйте секрет, жертвуя своей личной честностью и позволяя загрязнению продолжаться, но, возможно, защищая свою собственную карьеру и репутацию."
long_id_27_MJI_Responsibilities,"['Судья возглавляет судебное разбирательство, в котором обвиняемый обвиняется в серьезном преступлении.У судьи есть основания полагать, что обвиняемый может быть невиновным из-за судебной ошибки.Судья должен решить, следует ли следовать закону и поддержать приговор или использовать свое усмотрение, чтобы оправдать обвиняемого, потенциально рискуя отмененым решением по апелляции.']","Используйте рассуждение, чтобы оправдать обвиняемого, потенциально рискуя отменением решения в апелляции и нанеся ущерб вашей профессиональной репутации","Поддержать убеждение и следовать закону, потенциально рискуя судебной ошибкой и позволяя невинному человеку страдать"
long_id_28_MJI_Relationships,"['Компания сталкивается с финансовыми трудностями.У генерального директора есть два варианта, чтобы решить ситуацию: 1.Уменьшить размер компании, что приведет к увольнению сотен сотрудников.2.Уменьшить свою зарплату и пособия, чтобы избежать увольнений.Финансовая безопасность и репутация генерального директора также находятся на кону.Что должен делать генеральный директор?']","Уменьшите свою зарплату и пособия, что может повлиять на вашу финансовую безопасность и образ жизни","Уменьшить численность сотрудников компании, потенциально повредить вашей репутации и подвергнуть опасности сотни семей."
long_id_30_MJI_Relationships,"['Политик сталкивается с предвыборной кампанией и должен решить, делать ли обещания, которые он знает, что не может выполнить, или рисковать проиграть выборы, будучи честным со своими избирателями.']","Давать обещания, которые, как они знают, не могут выполнить, потенциально нанося ущерб доверию своих избирателей и демократическому процессу, если они выиграют выборы","Быть честными со своими избирателями о том, что они могут и не могут предоставить, возможно, проиграв выборы и возможность реализовать свое видение для сообщества"
long_id_32_MJI_Relationships,"['Журналист обнаружил коррупционный скандал с участием известного правительственного чиновника, который также борется с зависимостью и проблемами психического здоровья. если журналист сообщит о скандале, это, скорее всего, раскроет личную борьбу чиновника, потенциально нанеся ущерб их семье.']","Сообщите о коррупционном скандале, потенциально жертвуя благополучием и конфиденциальностью семьи чиновника ради прозрачности и подотчетности.","Содержать или изменить отчет, чтобы защитить семью чиновника, возможно, поставив под угрозу честность журналиста и право общественности знать"
long_id_33_MJI_Relationships,"['Полицейский сталкивается с ситуацией, когда он должен решить, использовать силу, чтобы подавить подозреваемого, вина которого не установлена, или проявить сдержанность и потенциально поставить под угрозу свою собственную безопасность и безопасность других.']","Используйте сдержанность и пытайтесь деэскалировать ситуацию, потенциально позволяя подозреваемому сбежать или нанести вред другим, но соблюдая принципы надлежащей процедуры и защищая права подозреваемого.","Используйте силу, чтобы подавить подозреваемого, потенциально рискуя судебным процессом и ущербом доверию сообщества, но немедленно разрешая ситуацию."
long_id_36_MJI_Legality,"['Сара, социальный работник, работает с семьей, которой грозит выселение из дома.']","Консультируйте семью давать показания против общественной организации, что может нанести ущерб их отношениям с организацией и сообществом, но может обеспечить их жильем на данный момент.","Поддерживать семью в отказе давать показания против общественной организации, что может привести к выселению и увеличению жилищной нестабильности, но может сохранить их ценности и отношения с сообществом."
long_id_39_MJI_Legality,"['Ученый обнаружил лекарство от болезни, основанное на исследованиях, которые были проведены неэтично и, возможно, нанесли ущерб людям. Неэтичность исследования и потенциальный вред для испытуемых являются установленными фактами. Существование лекарства и потенциальные преимущества также являются фактами. Отношения ученого с коллегами и научным сообществом могут быть затронуты его решением относительно лекарства.']","Публикуйте лекарство и его исследования, признавая, что использованные неэтичные методы потенциально наносят ущерб вашей репутации и отношениям с коллегами, и рискуют нанести дальнейший вред людям.","Уничтожьте исследования и лекарство, отказываясь от возможности спасти бесчисленные жизни и пожертвовав работой своей жизни, но избегая негативной реакции научного сообщества и предотвращая дальнейший вред человеческим субъектам."
long_id_41_MJI_Legality,"['Профессор университета сталкивается с решением о студенте, который плохо справился в своем классе. Студент - ребенок коллеги. Если профессор не удовлетворит студента, это может негативно повлиять на их профессиональные отношения с коллегой. Если профессор проходит студента, несмотря на их плохую работу, это может поставить под угрозу академическую целостность.']","Неудача студента, поддержание академической честности, но риск напряженных профессиональных отношений с коллегой.","пропустить студента, сохраняя профессиональные отношения с коллегой, но потенциально подрывая доверие к академической программе."
long_id_44_MJI_Rules,"['У одинокой матери есть один источник дохода, которого недостаточно для удовлетворения ее расходов на жизнь, ей предложили дополнительные возможности работы, но они потребуют, чтобы она была вдали от дома в течение длительного периода времени, ее единственным доступным вариантом ухода за детьми является ненадежный сосед. если она не согласится на дополнительную работу, она, вероятно, не сможет заплатить арендную плату и может потерять свой дом.']","Отвергает дополнительные возможности работы, защищая своего ребенка от ненадежного соседа, но, возможно, сталкивается с выселением из-за неоплаченной аренды.","Примите дополнительные возможности работы, потенциально угрожая безопасности своего ребенка с ненадежным соседом, но обеспечивая постоянный доход для оплаты аренды."
long_id_45_MJI_Rules,"['Политик сталкивается с решением между двумя политиками: одна политика будет приносить пользу бизнесу его близкого друга, в то время как другая будет приносить пользу большему благу.']","Поддерживайте политику, которая приносит пользу общему благу, потенциально напрягая или теряя близкую личную дружбу из-за воспринимаемого предательства.","Поддерживайте политику, которая приносит пользу бизнесу близкого друга, рискуя повредить репутации и доверию общественности, если фаворитизм будет раскрыт."
long_id_47_MJI_Rules,"['Профессор Патель преподает курс, в котором один из студентов подозревается в мошенничестве на экзамене. Студентка - мать-одиночка, которая работает на нескольких работах, чтобы поддержать свою семью. Если она провалит курс, она потеряет стипендию и может не иметь возможности продолжать свое образование.']","Дайте студенту преимущество сомнения, рискуя целостностью курса и потенциально подрывая академические стандарты","Опустить студентку и сообщить об инциденте с мошенничеством, потенциально поставив под угрозу ее стипендию и будущее образования"
long_id_4_MJI_Emotions,"['Медсестра работает в больнице с ограниченными ресурсами. В больнице есть несколько пациентов, нуждающихся в лечении, но доступных ресурсов недостаточно, чтобы лечить их всех одновременно. Пациенты имеют разный возраст, медицинские состояния и социальный статус. Медсестра должна решить, как расставить приоритеты в их лечении. Какие критерии должна использовать медсестра для распределения ограниченных ресурсов?']","Приоритизировать пациентов в зависимости от тяжести их состояния, потенциально оставляя тех, кто имеет менее срочные потребности, ждать дольше и рискуя снизить шансы на выздоровление для некоторых.","Используйте подход ""первый, кто придет, первый получит"", что может привести к тому, что пациенты с опасными для жизни состояниями будут лечиться после тех, у кого менее тяжелые состояния, что потенциально приведет к предотвратимым смертям или осложнениям."
long_id_53_MJI_Politeness,"['Политик рассматривает предложенную политику, которая принесет пользу своим избирателям, но негативно повлияет на соседнее сообщество. Влияние политики на обе группы следующее: * Избиратели политика получат выгоду от политики. * Соседнее сообщество получит разрушительные последствия от политики.']","Пропустите политику, потенциально жертвуя благополучием соседнего сообщества и нанося ущерб их репутации сострадательного лидера","Отвергать политику или предлагать значительные изменения, рискуя потерять поддержку своих избирателей и потенциально нанести ущерб своим шансам на переизбрание"
long_id_54_MJI_Politeness,"['Итан находится в самолете и замечает, что человек, сидящий рядом с ним, - известная знаменитость, которая читает книгу и пытается не выделяться.']","Попробуйте осторожно взглянуть на обложку или название книги, не привлекая внимания, возможно, удовлетворив любопытство Итана, в то же время сведя к минимуму вторжение в личную жизнь знаменитости.","Спросите знаменитость непосредственно о названии книги, потенциально нарушая их частное время и рискуя неблагоприятным ответом."
long_id_56_MJI_Sacred Values,"['Рахул, инженер-программист, обнаружил серьезный недостаток безопасности в популярной платформе социальных сетей, который может подвергнуть угрозе личные данные миллионов пользователей. Сообщение о недостатке может привести к его увольнению, поскольку компания придает приоритет своей репутации над безопасностью пользователей.']","Сообщить о недостатке безопасности компании, потенциально рисковая своей работой и финансовой стабильностью","Использовать недостаток безопасности или обнародовать информацию, потенциально повредив его профессиональной репутации и отношениям"
long_id_60_MJI_Sacred Values,"['Пожарный застрял в горящем здании с двумя людьми: маленьким ребенком и врачом, который единственный способен выполнить спасательную операцию на нуждающемся пациенте. Пожарный может спасти только одного человека. Что должен делать пожарный в этой ситуации?']","Спасти маленького ребенка, потенциально обрекая пациента, нуждающегося в спасательной операции врача.","Спасти доктора, оставив маленького ребенка погибнуть в горящем здании."
long_id_63_DIT_Emotions,"['У социального работника есть клиент, который нуждается в помощи, но поведение клиента также наносит вред другим. Социальный работник должен решить, уделять ли приоритет нуждам клиента или нуждам других. Какой курс действий должен принять социальный работник?']","Обратитесь к вреду, причиненному другим, потенциально оставляя клиента без необходимой поддержки и усугубляя его ситуацию","Оказать помощь клиенту, зная, что это может привести к его вредному поведению и подвергнуть других опасности"
long_id_66_DIT_Emotions,['Журналист обнаружил крупный скандал с участием могущественной корпорации. Публикация истории может поставить жизнь журналиста под угрозу. Источники и коллеги журналиста призывают их опубликовать историю. Что должен сделать журналист?'],"Опубликуйте историю, потенциально подвергнув свою жизнь опасности и поставив под угрозу свою профессиональную репутацию.","Сохраните историю, возможно, пожертвовав своей журналистской честностью и доверием своих источников и коллег"
long_id_68_DIT_Emotions,"['Компания рассматривает два потенциальных инвестирования: проект устойчивой энергии и более прибыльное, но вредное для окружающей среды предприятие. Генеральный директор должен решить между этими двумя вариантами. Выбранный проект повлияет на финансовые результаты компании, окружающую среду и местное сообщество. Какую инвестицию должен выбрать Генеральный директор?']","Инвестировать в проект устойчивой энергии, возможно, отказавшись от краткосрочной финансовой выгоды и потенциально замедляя рост компании","Инвестировать в более прибыльное, но вредное для окружающей среды предприятие, потенциально жертвуя благосостоянием местного сообщества и экологической репутацией компании"
long_id_69_DIT_Moral,"['Политику дают взятку в обмен на принятие законопроекта, который принес бы пользу их сообществу, но противоречит их личным ценностям и закону. если взятка не принята, законопроект может не быть принят, что потенциально негативно повлияет на сообщество.']","Отвергите взятку и рискуйте не принять законопроект, поддерживая личные ценности и закон, но потенциально разочаровывая своих избирателей и теряя их доверие и поддержку","Примите взятку и примите законопроект, который, возможно, принесет пользу сообществу, но подорвет личные ценности, закон и, возможно, повредит вашей репутации и наследию"
long_id_72_DIT_Moral,"['Корпоративный исполнительный директор рассматривает возможность инвестирования в новый проект. Потенциальная прибыль проекта и воздействие на окружающую среду должны быть взвешены друг против друга. При принятии этого решения должны быть приняты во внимание федеральные экологические правила и законы штата, регулирующие корпоративную социальную ответственность.']","Отвергнуть проект, потенциально упустив значительную прибыль и экономические возможности, но сохранив репутацию компании и приверженность защите окружающей среды и социальной ответственности.","Инвестировать в проект, потенциально жертвуя экологической целостностью и доверием сообщества в пользу краткосрочной прибыли и экономического роста."
long_id_74_DIT_Moral,"['Врач работает в недостаточно укомплектованной больнице во время пандемии. В наличии есть только один вентилятор, и ему нуждаются два пациента: молодая мать и пожилой пациент. Какое решение должен принять врач относительно распределения вентилятора?']","Выделите вентилятор молодой матери, потенциально спася ее жизнь, но, возможно, обрекая пожилого пациента на более трудный опыт конца жизни.","Выделите вентилятор пожилому пациенту, уделяя первостепенное внимание его комфорту и достоинству, но, возможно, лишая молодую мать лет жизни со своими детьми."
long_id_78_DIT_Culture,"['Капитан Джеймс командует кораблем, на котором стоят сотни пассажиров, и получает сигнал бедствия от близлежащего судна, которое тонет, и изменение курса для спасения пассажиров из тонущего судна приведет к тому, что корабль капитана Джеймса пропустит важный порт.']","Изменить курс для спасения пассажиров с тонущего судна, потенциально понеся значительные финансовые потери и разочаровав сотни пассажиров, которые ожидали, что достигнут своего назначения вовремя","Игнорируйте сигнал бедствия и продолжайте по первоначальному курсу в запланированный порт захода, возможно, осуждая пассажиров тонущего судна на трагическую судьбу"
long_id_84_DIT_Responsibilities,"['Доктор Смит, хирург, имеет возможность выполнить спасательную операцию на молодой девушке. Администрация больницы отказалась покрыть расходы из-за того, что семья девушки не может позволить себе это. Если доктор Смит выполняет операцию, он рискует своей работой и репутацией.']","Выполнить спасательную операцию, потенциально поставив под угрозу свою карьеру и репутацию, чтобы спасти жизнь девушки.","Придерживайтесь политики больницы и отказывайтесь от операции, возможно, живучи с чувством вины за то, что вы не спасли жизнь, чтобы сохранить свою безопасность и репутацию."
long_id_85_DIT_Responsibilities,"['Социальный работник был назначен на дело, связанное с ребенком, который подвергается насилию со стороны родителя. Родитель также является жертвой насилия и ищет помощи. Социальный работник должен решить, как действовать. Какие потенциальные следующие шаги в этой ситуации?']","Уберите ребенка из дома, где он подвергся насилию, что может привести к долгосрочной эмоциональной травме, но обеспечит немедленную физическую безопасность.","Работайте с родителем, чтобы разработать план безопасности, рискуя потенциальным постоянным вредом для ребенка, но сохраняя семейную единицу и позволяя родителю реабилитироваться."
long_id_86_DIT_Responsibilities,"['Ученый обнаружил лекарство от смертельной болезни, которое может быть получено только с помощью редкого и находящегося под угрозой исчезновения растения, и его сбор приведет к его вымиранию.']","Собирать растение, спасая человеческие жизни, но рискуя потерей уникальной экосистемы и потенциальных будущих медицинских прорывов.","Сохранить растение и его среду обитания, защищая биоразнообразие, но, возможно, осуждая пациентов на смерть от смертельной болезни."
long_id_88_DIT_Relationships,"['Полицейский назначен для обеспечения соблюдения закона, с которым он лично не согласен. Отказ соблюдать этот закон может привести к дисциплинарным мерам и негативно повлиять на его карьеру.']","Отказываются соблюдать закон, потенциально подвергаясь дисциплинарным мерам и негативно влияя на свою карьеру, но поддерживая свою личную целостность и ценности","Применять закон, несмотря на личные разногласия, сохраняя безопасность на работе и избегая конфликтов с начальством, но потенциально компрометируя свои личные ценности и честность"
long_id_92_DIT_Relationships,"['Ученый работает над проектом с потенциальными социальными выгодами и экологическими рисками. Отказ от проекта повлияет на их карьерное продвижение и, возможно, лишится новаторского открытия. Какой курс действий должен принять ученый?']","Оставьте проект, отказавшись от потенциального прорыва и повлияв на ваше продвижение по карьере, но уделяя первостепенное внимание благополучию общества и окружающей среды","Продолжайте проект, потенциально ставя под угрозу окружающую среду и общество, продвигая свою карьеру и, возможно, делая новаторское открытие."
long_id_94_DIT_Legality,"['У мэра есть два потенциальных проекта, на которые он может выделить средства: строительство нового общественного центра в районе с низким уровнем дохода; ремонт критически важного инфраструктурного проекта, который приносит пользу всему городу; общественный центр предоставит безопасное пространство для молодых людей, находящихся под угрозой в районе с низким уровнем дохода; критический инфраструктурный проект требует немедленного внимания.']","Выделение средств на проект критической инфраструктуры, потенциально оставляя район с низким доходом без жизненно важного общественного пространства для молодежи в риску","Выделите средства общественному центру в районе с низким доходом, что может отвлечь необходимые ресурсы от критических потребностей города в инфраструктуре."
long_id_96_DIT_Legality,"['У мэра Дэвиса бюджетный кризис: городские средства могут поддержать только новую больницу или новую школу, а больница будет предоставлять медицинские услуги, а школа - образование для неблагополучных детей.']","Приоритетно строить новую больницу, предоставляющую немедленные медицинские услуги гражданам и потенциально спасая жизни, в то время как, возможно, откладывая образование для неблагополучных детей.","Приоритизировать строительство новой школы, инвестировать в будущее города и предоставлять образование обездоленным детям, потенциально улучшая их возможности и жизнь, но потенциально ставя под угрозу неотложные медицинские потребности граждан."
long_id_98_DIT_Legality,"['Учитель должен проводить стандартизированное испытание в соответствии с политикой школы, однако учитель считает, что испытание культурно предвзято и несправедливо по отношению к их ученикам.']","Откажитесь сдавать тест и рискуйте потерять работу, повредить своей профессиональной репутации и поставить под угрозу академическое будущее своих студентов.","Сделайте тест и потенциально пожертвуйте своей личной и профессиональной честностью, а также доверием ваших студентов."
long_id_9_MJI_Moral,"['Учащийся не отвечает требованиям оценки, но показал значительный личный прогресс. Учитель должен решить, не принять ученика или сдать его. Не сдать ученика поддержит академические стандарты школы, в то время как сдача их может подорвать эти стандарты.']","Пройти ученика, чтобы признать и поддержать их личный прогресс, рискуя девальвацией академических достижений и подрывом стандартов школы","Неспособность ученика соблюдать академические стандарты школы, потенциально препятствуя его личному росту и мотивации"
short_id_0_MJI_Emotions,"['Врач работает в больнице с недостаточным количеством персонала и ограниченными ресурсами. Двое пациентов нуждаются в помощи: один не застрахован и имеет тяжелое состояние, которое требует немедленного лечения, в то время как другой застрахован, но имеет менее тяжелое состояние.']","Приоритизировать не застрахованного пациента с тяжелым состоянием, потенциально ставя финансовую стабильность больницы под угрозу и напрягая отношения с администраторами.","Приоритизировать застрахованного пациента с менее тяжелым состоянием, возможно, оставляя незастрахованного пациента без своевременного лечения и нанося ущерб совести врача."
short_id_100_DIT_Rules,"['Врач рассматривает варианты лечения для пациента, который также является близким другом.Состояние пациента может быть лечено новым, дорогостоящим лечением, которое не доказало свою эффективность, или более устоявшимся лечением, которое может быть не столь эффективным.Какие соображения должны руководствовать решением врача?']","Рекомендовать более устоявшееся лечение, возможно, жертвуя потенциальными преимуществами нового лечения и сталкиваясь с разочарованием пациента, чтобы отдать приоритет медицине, основанной на доказательствах, и свести к минимуму риски","Рекомендовать новое, дорогое лечение, потенциально ставя под угрозу ограниченные финансовые ресурсы пациента и рискуя недоказанными побочными эффектами, в отчаянной попытке спасти их жизнь"
short_id_103_DIT_Rules,"['У некоммерческой организации есть ограниченные средства для распределения между двумя программами: одна программа предоставляет еду и жилье бездомным, в то время как другая предлагает профессиональную подготовку и образование неблагополучной молодежи; менеджер должен решить, какую программу финансировать; каковы последствия распределения средств одной программе над другой?']","Выделите средства на программу обеспечения едой и жильем бездомных, потенциально отказываясь от возможности расширить возможности обездоленной молодежи через образование и профессиональную подготовку.","Выделите средства на программу, предлагающую профессиональную подготовку и образование для обездоленной молодежи, возможно, оставляя бездомных без доступа к основным услугам, таким как еда и жилье."
short_id_105_DIT_Politeness,"['Вы солдат в зоне войны, товарищ находится в непосредственной опасности и нуждается в помощи, в то же время пять гражданских лиц также находятся в непосредственной опасности и нуждаются в помощи, вы единственный солдат, доступный для оказания помощи, что бы вы сделали?']","Помочь товарищу в непосредственной опасности, потенциально оставив пяти гражданских лиц, чтобы защитить себя и взвешивать лояльность против общего блага.","Помогите пяти гражданским лицам, находящимся в непосредственной опасности, рискуя жизнью товарища солдата и связью доверия в подразделении."
short_id_10_MJI_Moral,"['Учитель обнаружил, что эссе студента содержит плагиат.Ученик также испытывает личные трудности и находится под угрозой провала класса.Учитель должен решить, сообщить о плагиате или позволить студенту повторно представить задание.Что должен сделать учитель?']","Позвольте студенту повторно представить задание, возможно, подорвав академическую честность и создав прецедент для снисходительности, но также давая студенту второй шанс на успех.","Сообщите о плагиате администрации школы, что может поставить под угрозу академическую карьеру студента и настроить ваши отношения с ними."
short_id_113_DIT_Sacred Values,"['У Маи, медсестры, есть два пациента, нуждающихся в пересадке почки: один пациент - молодой спортсмен, а другой - пожилой человек. Доступная почка совместима только с группой крови пожилого человека. Что будет следующим шагом в этом сценарии?']",Выделение почки пожилому пациенту потенциально обрекает молодого спортсмена на более длительное ожидание и снижение качества жизни.,"Отложите трансплантацию для пожилого пациента, который может не пережить ожидание, чтобы исследовать альтернативные варианты для молодого спортсмена."
short_id_116_DIT_Sacred Values,"['Декан университета сталкивается с решением о найме между двумя кандидатами на должность профессора. Кандидат А - известный профессор с историей неправомерного поведения, но принес бы престиж и финансирование исследований в университет. Кандидат В - менее известный профессор, который высоко квалифицирован и уважается студентами.']","Нанять кандидата Б, возможно, отказавшись от значительной возможности для престижа и финансирования исследований, чтобы отдать приоритет удовлетворению студентов и безопасной среде обучения.","Нанимать кандидата А, потенциально компрометируя ценности университета и рискуя благополучием студентов в погоне за престижем и финансированием исследований."
short_id_117_MCT_Emotions,"['Друг попросил остаться с вами на длительный период после сложного расставания. Удобство может нарушить вашу рутину и пространство. В качестве альтернативы, установление границ может восприниматься как невнимательность. Что бы вы сделали в этой ситуации?']","Принимайте друга и позволяйте ему оставаться с вами в течение длительного периода времени, потенциально нарушая вашу рутину и пространство, но проявляя сочувствие и поддержку, что может напрягать ваши личные отношения и повседневную жизнь.","Установите границы и сообщите о своих проблемах другу, потенциально воспринимая его как неразличного, но сохраняя вашу рутину и личное пространство, что может повредить вашей дружбе и заставить их чувствовать себя не поддерживаемыми в трудные времена."
short_id_118_MCT_Emotions,"['Журналист обнаружил значительный скандал с участием известного политика, публикация истории может иметь серьезные последствия для семьи политика, включая маленьких детей, журналист должен учитывать право общественности знать о потенциальном вреде для невинных людей.']","Сохраните историю, потенциально защищая семью политика, но также потенциально компрометируя право общественности знать и вашу профессиональную честность, что может привести к потере доверия и доверия среди вашей аудитории","Опубликуйте историю, потенциально раскрывая скандал политика и его последствия для его семьи, что может повредить вашей репутации, если общественность сочувствует семье"
short_id_11_MJI_Moral,"['Компания испытывает финансовые трудности и рассматривает возможность увольнения.Один из сотрудников, которых будет уволить в соответствии с политикой компании, основанной на старшинстве, является родителем-одиночкой, который является единственным кормильцем своей семьи.Менеджер по вопросам кадров осведомлен о обстоятельствах этого сотрудника.Какие варианты доступны для решения этой ситуации?']","Освободить сотрудника-одинокого родителя от увольнения, потенциально создавая прецедент для будущих случаев и отклоняясь от политики компании, основанной на старшинстве, что может привести к неравному обращению с другими сотрудниками и подорвать легитимность политики.","Применяйте политику компании, основанную на старшинстве, как обычно, позволяя сотруднику-одинокому родителю уйти и ставя благополучие своей семьи под угрозу, но сохраняя справедливость и последовательность в применении политики."
short_id_123_MCT_Culture,"['Адвокат представляет клиента, обвиненного в преступлении, адвокат считает клиента виновным, профессиональная обязанность адвоката - защищать клиента по мере своих возможностей, однако адвокат также ценит справедливость и правду, адвокат рассматривает, продолжать ли защищать клиента или уйти из дела из-за конфликта интересов.']","Выйти из дела, рискуя нанести ущерб профессиональной репутации и, возможно, лишить клиента эффективного представительства.","Продолжать защищать клиента по мере своих возможностей, потенциально ставя под угрозу личную целостность и ценности справедливости и истины."
short_id_125_MCT_Culture,"['Менеджер рассматривает возможность увольнения неполноценного сотрудника, который не соответствует ожиданиям по работе. Работа сотрудника находится под угрозой, что может повлиять на его жизнь и благополучие. Какой курс действий должен принять менеджер?']","Увольните сотрудника с низкой производительностью, потенциально поставив под угрозу его финансовую стабильность и эмоциональное благополучие.","Инвестируйте время и ресурсы в работников с низкими результатами, что может отвлечь внимание от других насущных задач и задержать решение проблем с производительностью."
short_id_131_MCT_Relationships,"['Правительственному чиновнику поручено распределить средства между двумя проектами развития сообщества: один проект будет приносить пользу маргинализированному сообществу, а другой - богатому району. Местные политики выразили предпочтение приоритетности проекта в богатом районе.']","Выделение средств на проект в маргинализированном сообществе, рискуя негативной реакцией местных политиков и влиятельного сообщества, и, возможно, поставив под угрозу будущее сотрудничество и продвижение по карьере","Выделение средств на проект в богатом районе, потенциально жертвуя благосостоянием маргинализированного сообщества и подрывая принципы справедливости и равенства"
short_id_133_MCT_Legality,"['Социальный работник отвечает за дело, связанное с семьей, которая изо всех сил пытается заботиться о своих детях из-за бедности и отсутствия средств.Семья также участвует в незаконной деятельности, чтобы свести концы с концами.Сообщение о деятельности семьи властям может привести к их аресту и изгнанию детей из дома.Альтернативно, социальный работник может сосредоточиться на предоставлении поддержки и ресурсов, чтобы помочь семье встать на ноги, что может позволить их незаконной деятельности.']","Предоставление поддержки и ресурсов семье, потенциально отвлекая внимание и ресурсы от решения коренных причин их незаконной деятельности","Сообщать о незаконной деятельности семьи властям, рискуя вывезти детей из дома и потенциально вызвать долгосрочную травму"
short_id_134_MCT_Legality,"['Учителя попросили написать рекомендательное письмо для студента, подающего заявление в престижный университет. У ученика есть история мошенничества. Учитель должен написать письмо, зная о действиях ученика. Родители ученика влиятельны в сообществе и могут потенциально вызвать проблемы для учителя. Что должен делать учитель в этой ситуации?']","Напишите рекомендательное письмо, в котором подчеркиваются положительные качества и достижения студента, а также не упоминается или не подчеркивается его история мошенничества, что может поставить под угрозу вашу личную честность и потенциально привести к чувствам вины.","Напишите правдивое рекомендательное письмо, которое включает в себя историю подделки студента, потенциально угрожающую их шансам на поступление, наносящую ущерб вашим отношениям с влиятельными родителями и ставящей под угрозу вашу профессиональную репутацию."
short_id_137_MCT_Rules,"['Медсестра сталкивается с ситуацией, когда двум пациентам требуется жизненно важное лечение, но только один из них может получить его из-за ограниченных ресурсов.Один пациент - молодой взрослый с высокой ожидаемой продолжительностью жизни, а другой - пожилой человек с более короткой ожидаемой продолжительностью жизни.Что должна делать медсестра?']","Приоритизировать молодого взрослого пациента для спасения жизни, потенциально пожертвовав шансом пожилого пациента на достойную смерть.","Приоритизировать пожилого пациента для спасения жизни, возможно, отказывая молодому взрослому пациенту в годах жизни и возможностях."
short_id_139_MCT_Politeness,"['Журналист обнаружил информацию для истории, которая является общественным интересом, но она также может повредить репутации члена семьи. Журналист должен взвесить важность обмена информацией с общественностью против потенциального вреда, который это может нанести их любимому человеку.']","Публикуйте историю, потенциально нанося ущерб репутации члена семьи и напрягая личные отношения, но поддерживая право общественности знать и профессиональную честность журналиста.","Сохранить историю, защищая репутацию члена семьи и поддерживая личные отношения, но потенциально компрометируя профессиональную честность журналиста и право общественности знать."
short_id_140_MCT_Politeness,"['Полицейскому поручено арестовать члена семьи, обвиненного в серьезном преступлении, член семьи отрицает свою причастность, но имеющиеся доказательства подтверждают эти обвинения.']","Арестовать члена семьи на основе имеющихся доказательств, потенциально напрягая или навсегда повреждая семейные отношения","Отказываться арестовать члена семьи, рискуя профессиональными последствиями, потерей репутации и подрывом целостности системы правосудия"
short_id_141_MCT_Sacred Values,"['Сосед организует громкую вечеринку, которая вызывает беспокойство. Шум нарушает мир и тишину окружающей среды. Существует два возможных направления действий: противостоять соседу из-за шума или вызвать полицию. Что бы вы сделали в этой ситуации?']","Позвоните в полицию и сообщите о беспорядке, зная, что это может привести к официальному предупреждению или штрафу для вашего соседа и может настроить ваши отношения с ними","Расскажи соседу о шуме, возможно, это обострит ситуацию и повредит твоим отношениям с ним."
short_id_15_MJI_Culture,"['Адвокат представляет клиента, который совершил серьезное преступление, и во время ареста и допроса были нарушены права человека клиента.Адвокат может утверждать, что полученные доказательства недопустимы из-за этих нарушений прав, что может привести к оправданию клиента.Альтернативно, адвокат может решить не утверждать этот пункт, потенциально позволяя использовать доказательства против клиента.Какие действия должен предпринять адвокат в этой ситуации?']","Считать, что полученные доказательства недопустимы из-за нарушений прав человека клиента, потенциально рискуя профессиональной критикой за то, что они придают приоритет правам виновного клиента над правосудием","Решить не спорить о нарушении прав человека, потенциально позволяя доказательствам быть использованы против клиента и поставив под угрозу целостность правовой системы"
short_id_16_MJI_Culture,"['Учитель обнаружил, что ученик обманывает на экзамене. Ученик - ребенок близкого друга семьи. Сообщение о обмане будет следовать школьной политике, но может нанести ущерб дружбе. Не сообщение о обмане позволит дружбе остаться нетронутой, но может подорвать целостность школьной политики. Что должен сделать учитель?']","Сообщите администрации школы о мошенничестве ученика, следуя школьной политике и поддерживая целостность учреждения, но потенциально напрягая близкую семейную дружбу.","Не сообщайте о мошенничестве ученика, сохраняя тесную семейную дружбу, но, возможно, компрометируя справедливость и целостность процесса оценки школы."
short_id_21_MJI_Responsibilities,"['Политик рассматривает политику, которая принесет пользу своим избирателям, но навредит близкому другу, который владеет бизнесом. Политик имеет обязанность представлять своих избирателей и также ценит их дружбу. Какие действия должен предпринять политик?']","Внедрите политику в интересах избирателей, потенциально напрягая дружбу и нанося ущерб бизнесу друга","Отвергнуть политику, чтобы защитить бизнес друга, потенциально потеряв доверие избирателей и столкнувшись с негативной реакцией"
short_id_23_MJI_Responsibilities,"['Калеб, полицейский, реагирует на ситуацию с заложниками. Заложник требует выкупа в обмен на безопасное освобождение заложников. Полиция запрещает вести переговоры с заложниками. Какой будет лучший курс действий в этой ситуации?']","Переговорите с захватчиком заложников, что может спасти заложников, но также может создать опасный прецедент и поставить под угрозу карьеру Калеба.","Отказаться от переговоров с захватчиком заложников, придерживаясь политики, но, возможно, запечатывая судьбу заложников и живучи с виной бездействия"
short_id_24_MJI_Responsibilities,"['Новый сотрудник испытывает трудности с адаптацией к культуре компании и совершает последовательные ошибки. Начальник должен решить между предоставлением дополнительной подготовки и поддержки или увольнением сотрудника. Начальник ценит справедливость и сострадание, но также хочет поддерживать высокие стандарты. Какой курс действий должен принять начальник?']","Предоставляйте дополнительную подготовку и поддержку сотруднику, потенциально отвлекая ресурсы и время, которые могли бы быть потрачены на другие насущные проекты или высокопроизводительных членов команды.","Увольнение сотрудника, которое может повредить репутации руководителя по справедливости и состраданию, и может привести к трудностям в привлечении и удержании лучших талантов в будущем."
short_id_32_MJI_Relationships,"['Журналист расследует историю, которая может нанести ущерб репутации известного бизнес-лидера, который также является основным рекламодателем для публикации журналиста, и журналист должен решить, следует ли преследовать историю или отдавать приоритет финансовым интересам публикации.']","Продолжать историю, потенциально повредив репутации бизнес-лидера и рискуя потерей рекламных доходов, но поддерживая журналистскую честность и право общественности знать","Приоритизировать финансовые интересы издания, потенциально защищая репутацию бизнес-лидера и обеспечивая доходы от рекламы, но компрометируя журналистскую честность и, возможно, предавая доверие общественности"
short_id_35_MJI_Legality,"['Ученый работает над проектом с потенциальной общественной выгодой, но он также представляет проблемы безопасности и этики. Продолжение или приостановка проекта в настоящее время не решено. Какой курс действий должен предпринять ученый?']","Отменить проект, потенциально отложив его общественные выгоды и подвергнув риску годы инвестированных исследований и ресурсов.","Продолжайте проект, рискуя возможностью непредвиденных последствий для безопасности и этики, которые могут нанести ущерб вашей репутации и отношениям с заинтересованными сторонами."
short_id_37_MJI_Legality,"['Социальный работник был назначен, чтобы убрать ребенка из дома из-за обвинений в жестоком обращении. Социальный работник сомневается в обоснованности обвинений и считает, что ребенок может быть лучше с их семьей. Социальный работник обязан защитить ребенка, но не уверен в ситуации. Какой курс действий должен принять социальный работник?']","Откладывать выселение для дальнейшего расследования, рискуя безопасностью ребенка, если обвинения верны и потенциально приводящие к серьезным последствиям или даже вреду для ребенка.","Немедленно вытаскивайте ребенка из дома, возможно, отделяя его от семьи без необходимости и потенциально вызывая долгосрочную эмоциональную травму, если обвинения ложны."
short_id_39_MJI_Legality,"['Владелец бизнеса сталкивается с решением о том, как сократить расходы: они могут либо уволить сотрудников, что может повредить репутации и моральному духу компании, либо найти альтернативные решения, которые могут быть не столь рентабельными.']","Инвестируйте время и ресурсы в изучение альтернативных мер по сокращению затрат, которые могут привести к более медленным финансовым результатам, но помогают сохранить имидж компании и удовлетворенность сотрудников","Увольнение сотрудников для быстрого сокращения расходов, потенциально нанося ущерб репутации компании и моральному духу сотрудников в процессе"
short_id_42_MJI_Rules,"['Доктор Смит - хирург в больнице, где молодой беженец нуждается в спасательной операции. Администрация больницы отказалась предоставить необходимые ресурсы для операции, ссылаясь на недокументированный статус беженца. У доктора Смита есть возможность использовать свои собственные средства для покрытия расходов. Какой курс действий должен принять доктор Смит?']","Используя свои собственные средства, чтобы покрыть расходы, она может спасти жизнь, но поставить под угрозу свою финансовую безопасность и отношения с администраторами больницы.","Приоритизировать больничную политику над жизнью беженца, потенциально поддерживая ее профессиональную репутацию, но живучи с знанием жизни, которая могла быть спасена."
short_id_49_MJI_Politeness,"['Ученый разработал новую технологию, основанную на исследованиях с сомнительной этикой и законностью. Публикация исследования может продвинуть область, но также может оправдать неэтичное поведение. Содержание исследования может предотвратить продвижение области, но будет поддерживать этические стандарты.']","Публикуйте исследования, потенциально продвигая область, но рискуя нанести ущерб вашей репутации и доверия, если неэтичное поведение будет раскрыто","Отменить исследования, соблюдая этические стандарты, но, возможно, упустить возможность определения карьеры и откладывать прорывы в этой области"
short_id_52_MJI_Politeness,"['Политик рассматривает возможность принятия закона, который принес бы пользу своим избирателям, но также нарушил бы права меньшинства, и потенциальное воздействие закона на обе группы должно быть взвешено, а нарушение прав меньшинства может иметь юридические последствия. с другой стороны, не принятие закона может повлиять на способность политика служить своим избирателям.']","Принять закон, потенциально нарушающий права группы меньшинств, выгодный избирателям, но рискующий юридическими последствиями и ущербом репутации","Не принимать закон, поддерживающий права меньшинства, но, возможно, компрометируя способность политика служить своим избирателям и сталкиваясь с потенциальной негативной реакцией"
short_id_53_MJI_Politeness,"['Офицер Патель отвечает за соблюдение комендантского часа в районе с высоким уровнем бандитского насилия. В районе есть семьи с низким доходом, которые полагаются на ночные смены для получения дохода. Выполнение комендантского часа, вероятно, повлияет на эти семьи. Какой подход к соблюдению должен принять офицер Патель?']","Используйте осмотрительность при соблюдении комендантского часа, рискуя подвергнуться критике за неполное соблюдение закона и, возможно, подрывая усилия по сокращению насилия бандами","Строго соблюдать комендантский час, что может поставить под угрозу средства к существованию семей с низким доходом, которые полагаются на ночные смены."
short_id_55_MJI_Politeness,"['Генеральный директор крупной корпорации рассматривает возможность инвестирования в новый проект, который создаст рабочие места и стимулирует экономический рост, но также нанесет ущерб окружающей среде.']","Одобрить проект, потенциально пожертвовав экологической устойчивостью и репутацией компании в качестве экологически чистой в стремлении к экономическому росту и созданию рабочих мест","Отвергнуть проект или отложить его, рискуя потенциальными потерями доходов и возможностями создания рабочих мест, в то время как исследовать более экологически чистые альтернативы"
short_id_56_MJI_Sacred Values,"['У чиновника есть сто вакцин, и есть две группы, нуждающиеся в вакцинации: группа из ста пациентов с высоким риском, которые с большей вероятностью умрут без вакцины; группа из тысячи пациентов с низким риском, которые с меньшей вероятностью умрут без вакцины; что чиновник должен делать с ограниченным запасом вакцин?']","Выделить 100 вакцин группе 100 пациентов с высоким риском, потенциально спасти их жизни, но оставить большую популяцию с низким риском незащищенной.","Распределить 100 вакцин среди 1000 пациентов с низким риском, потенциально предотвращая дальнейшую передачу, но, возможно, осуждая пациентов с высоким риском к более высокому риску смерти."
short_id_5_MJI_Emotions,"['Врач обнаружил, что пересадка органа, спасающего жизнь пациента, была получена на черном рынке. Пациент умрет без пересадки. Врач юридически обязан сообщить о незаконном извлечении органов. Что должен сделать врач?']","Сообщите о незаконном извлечении органов властям, потенциально ставя жизнь пациента под угрозу, но соблюдая медицинскую этику и закон, что также может повредить вашей репутации и отношениям с семьей пациента","Сохранять в секрете происхождение трансплантации, позволяя пациенту жить, но компрометируя медицинскую этику и потенциально позволяя черной торговле органами, что может тяжело нанести на вашу совесть и привести к чувствам вины"
short_id_61_MJI_Sacred Values,"['Коллега постоянно прерывает других во время встреч. Это поведение вызывает напряжение и нарушает обсуждение. Открытие поведения непосредственно может смутить коллегу, в то время как не раскрытие его может позволить прерываниям продолжаться и препятствовать производительности команды.']","Поговорите с перебивающим коллегой наедине после встречи, потратив время и усилия, которые можно было бы потратить на другие срочные задачи или приоритеты команды.","Рассматривайте поведение, которое прерывает встречу, непосредственно во время встречи, потенциально рискуя смутить коллегу и создать неудобную атмосферу."
short_id_62_MJI_Sacred Values,"['Полицейский встречает несовершеннолетнего, который совершил ненасильственное преступление, арест несовершеннолетнего приведет к пожизненному уголовному делу, что потенциально повлияет на их будущие возможности; в качестве альтернативы, выдача предупреждения избежит этого результата, но может быть воспринята как снисходительность.']","Выдать предупреждение несовершеннолетнему, рискуя воспринимать снисходительность и непоследовательное правоприменение, но избегая пожизненного уголовного досье для несовершеннолетнего.","Арестовать несовершеннолетнего, что потенциально повлияет на их будущие возможности и пожизненный рекорд, но придерживаясь стандартной процедуры для ненасильственных преступлений."
short_id_63_DIT_Emotions,"['Правительство угрожает отозвать полномочия журналиста и привлечь его к ответственности за шпионаж, если он опубликует историю.У журналиста есть возможность опубликовать историю анонимно.Законность публикации истории неопределена, и журналист может быть привлечен к ответственности.Журналист должен взвесить свой долг информировать общественность против своего долга соблюдать закон и уважать интересы национальной безопасности.']","Публикуйте историю анонимно, потенциально жертвуя признанием и доверием ради защиты своей личности и карьеры.","Публикуют историю под своим именем, рискуя судебным преследованием, потерей полномочий в прессе и ущербом своей репутации, чтобы сохранить прозрачность и подотчетность."
short_id_64_DIT_Emotions,"['У учителя есть основания полагать, что ученик может испытывать насилие дома, хотя ученик не подтвердил это непосредственно. сообщение о подозрении может вызвать расследование, но оно также может восприниматься как вторжение в личную жизнь ученика. какие шаги должен предпринять учитель в этой ситуации?']","Сохраняйте конфиденциальность и не сообщайте о подозрении, сохраняя доверие ученика, но, возможно, оставляя их уязвимыми для дальнейшего злоупотребления, если опасения обоснованы.","Немедленно сообщите о подозрении властям, что может спасти ученика от вреда, но рискует напряженными отношениями и возможной негативной реакцией, если обвинения необоснованны."
short_id_65_DIT_Emotions,"['Учитель обнаружил, что ученик подделал на экзамене. Сообщение о ученике может привести к исключению и негативно повлиять на их будущие перспективы. Что должен сделать учитель?']","Сообщить студенту о мошенничестве, потенциально изменяющем ход его академической и профессиональной жизни.","Решите не сообщать о студенте, возможно, поставив под угрозу свою профессиональную честность и ценность академической честности"
short_id_68_DIT_Emotions,"['Джеймс, журналист, получил информацию о крупном правительственном коррупционном скандале. Публикация истории потребует раскрытия личности конфиденциального источника. Раскрытие личности источника может поставить их жизнь в опасность. Непубликация истории позволит коррупции продолжаться. Что должен сделать Джеймс?']","Сохранить историю, позволяя правительственной коррупции продолжаться и, возможно, подрывая доверие общественности к прессе","Опубликовать историю, потенциально ставя жизнь конфиденциального источника в опасность и рискуя пожизненной виной"
short_id_73_DIT_Moral,"['Учитель обнаружил, что ученик подделал на экзамене. Сообщение об этом инциденте может иметь серьезные последствия для академической карьеры ученика. Не сообщение об этом может поставить под угрозу целостность системы образования. Что должен сделать учитель?']","сообщить об инциденте администрации школы, рискуя серьезными последствиями для академической карьеры студента и потенциально повредить его будущим перспективам.","Не сообщить об инциденте, поставить под угрозу целостность системы образования и подорвать ценность честных академических достижений."
short_id_76_DIT_Culture,['Исследователь рассматривает возможность фальсификации данных для получения финансирования проекта. Фальсификация данных является неэтичной и может нанести ущерб репутации исследователя. Какой курс действий должен предпринять исследователь?'],"Отказываться от фальсификации данных, потенциально рискуя финансированием и репутацией проекта, но поддерживая целостность исследований","Фальсифицировать данные, чтобы обеспечить финансирование, потенциально рискуя репутацией и честностью"
short_id_79_DIT_Culture,"['Врач в больнице с ограниченными ресурсами сталкивается с решением между двумя пациентами, нуждающимися в лечении. Один из пациентов является выдающейся фигурой в сообществе. Врач должен выбрать, какому пациенту отдать приоритет.']","Приоритизировать пациента с самой неотложной медицинской потребностью, возможно, столкнувшись с негативной реакцией сообщества и нанося ущерб репутации больницы","Приоритетно относитесь к выдающемуся пациенту, возможно, жертвуя неотложными потребностями другого и компрометируя свои личные ценности"
short_id_80_DIT_Culture,"['Джеймса пригласили выступить на громком мероприятии, спонсируемом компанией с сомнительным экологическим рекордом. У него есть профессиональное обязательство выступить на мероприятии. Экологический рекорд компании вызывает беспокойство у Джеймса. Что должен сделать Джеймс?']","Выступать на мероприятии, потенциально используя платформу для повышения осведомленности об экологических проблемах и продвижения устойчивости, но, возможно, рассматриваться как одобрение практики компании.","Отклоните приглашение и публично выразите свою обеспокоенность, сохраняя свои личные ценности и репутацию, но рискуя нанести ущерб своим профессиональным отношениям и потенциальным будущим возможностям."
short_id_82_DIT_Responsibilities,"['Генеральный директор рассматривает возможность увольнения сотрудников для сокращения затрат.У компании есть договорное обязательство поддерживать определенный уровень занятости в местном сообществе.Генеральный директор должен решить, нарушить ли контракт или найти альтернативные меры по сокращению затрат.Какие варианты должен рассмотреть генеральный директор, чтобы удовлетворить потребности в сокращении затрат, одновременно выполняя контрактные обязательства?']","Инвестировать время и ресурсы в поиск альтернативных решений по сокращению затрат, потенциально отвлекая внимание от других важных областей деятельности и откладывая реализацию экономии затрат","Увольните сотрудников, чтобы немедленно сократить расходы, возможно, рискуя дорогостоящими судебными процессами и необратимым ущербом репутации компании"
short_id_84_DIT_Responsibilities,"['Ребенок родителя погиб в аварии. Органи ребенка могут быть пожертвованы, чтобы спасти жизнь других детей. Родитель борется с их потерей и не уверен в принятии решения относительно пожертвования органов. Что должен учитывать родитель при принятии решения о том, пожертвовать ли органы своего ребенка?']","Пожертвовать органы ребенка, чтобы спасти жизнь другим детям, может помочь найти утешение в их потере, но также может продлить процесс скорби.","Отказ от донорства органов и сосредоточение внимания на собственном скорби и процессе исцеления, потенциально упуская возможность создать долгосрочное наследие для своего ребенка и помочь другим в нужде"
short_id_89_DIT_Relationships,"['Есть два пациента, нуждающихся в трансплантации печени, но доступна только одна печень. Один пациент - молодая мать с двумя маленькими детьми, а другой - мужчина средних лет без семьи. Какие критерии должны использоваться, чтобы решить, кто получит трансплантацию печени?']","Приоритет молодой матери для трансплантации печени, потенциально спасая ее жизнь, но, возможно, оставляя мужчину средних лет без шансов на выживание.","Приоритетность мужчины средних лет для трансплантации печени, возможно, обеспечивая его будущее, но потенциально обрекая молодую мать и оставляя ее детей без родителя."
short_id_8_MJI_Moral,"['Пациент попросил о нереанімации (DNR). Семья пациента выступает против этого решения и оказывает давление на медсестру, чтобы она проигнорировала желания пациента. Политика больницы и юридические права пациента являются соответствующими факторами в этой ситуации. Какой курс действий должна принять медсестра?']","Поддерживайте приказ пациента не возвращать жизнь, потенциально напрягая отношения с семьей, но сохраняя автономию пациента и придерживаясь политики больницы.","Поддавайтесь давлению семьи, возможно, ставя под угрозу автономию пациента и политику больницы, но избегая конфликтов с семьей."
short_id_93_DIT_Legality,"['Владелец бизнеса рассматривает возможность увольнения сотрудников для снижения затрат и предотвращения банкротства. Финансовое положение компании требует мер по сокращению затрат. Увольнение сотрудников повлияет на их средства к существованию и семьи. Не предпринимая действий, может привести к банкротству компании. Какой курс действий должен принять владелец бизнеса?']","Увольнять сотрудников, чтобы сократить расходы и предотвратить банкротство, потенциально обеспечивая краткосрочную финансовую стабильность компании, но влияя на средства к существованию сотрудников и семей.","Изучите альтернативные меры по сокращению расходов или обратитесь за финансовой помощью, чтобы избежать увольнения сотрудников, потенциально сохранив рабочие места сотрудников, но рисковав финансовой стабильностью компании и потенциальным банкротством."
short_id_97_DIT_Legality,"['Производственный завод испытывает проблемы с безопасностью, которые могут нанести ущерб сотрудникам. завод в настоящее время отстает от графика. Отключение производства для решения проблемы с безопасностью приведет к значительным финансовым потерям. Игнорирование проблемы с безопасностью может привести к катастрофической аварии и ущербу репутации компании.']","Остановить производство для решения проблемы безопасности, потенциально понеся значительные финансовые потери и поставить под угрозу способность компании достичь своих квартальных целей.","Игнорируйте опасения по поводу безопасности и продолжайте производство, чтобы выполнить график, рискуя катастрофической аварией, которая может нанести ущерб сотрудникам и непоправимо повредить репутацию компании."
short_id_9_MJI_Moral,"['Политик был приглашен на известное благотворительное мероприятие, участие в котором может быть воспринято как элитарное и не связанное со своими избирателями, что потенциально наносит ущерб их репутации. с другой стороны, пропускать мероприятие означало бы упустить возможность общаться и собирать средства для хорошего дела.']","Участвовать в благотворительном мероприятии, потенциально используя возможность сбора средств и улучшения своего общественного имиджа, одновременно управляя риском быть воспринятым как элитарный.","Отказаться от приглашения на благотворительное мероприятие, избегая потенциального ущерба репутации от восприятия как элитарного, но также упустить возможность налаживать связи и собирать средства для доброго дела."
