Scenario_id,prompt,chosen,rejected
Reddit_id_10,"A person is faced with a moral dilemma at their wedding, where they must choose between accommodating their stepbrother's request to invite his work friends, despite the guest list being full, or standing firm on their decision and potentially causing embarrassment and tension within the family","Refuse to let the stepbrother invite his work friends, prioritizing the original guest list and potentially causing embarrassment and tension within the family","Allow the stepbrother to invite his work friends to the wedding, potentially exceeding the guest limit and accommodating his request"
Reddit_id_102,"A person faces a moral dilemma between pursuing their personal and professional goals by moving away from their overbearing mother, or staying to care for their mother's emotional needs and potentially sacrificing their own well-being.",Prioritize personal goals and move away from the overbearing mother to establish independence and a career.,"Stay with the mother and continue to support her emotional needs, potentially at the cost of one's own happiness and career aspirations."
Reddit_id_106,"A person must choose between respecting their friend's past feelings for someone and pursuing their own romantic interest in that same person, after the friend had previously expressed interest but then lost it and moved on","Follow one's own desires and pursue a relationship with the person, even if it may hurt the friend's feelings",Prioritize the friend's past feelings and avoid pursuing a relationship with the person
Reddit_id_11,"A person is faced with a decision about whether to prioritize their own interests or accommodate their roommates' wishes in a living situation, where the roommates want them to move out to make room for their friends, despite the person being happy with the current arrangement and having a lower rent","Refuse to move out and prioritize their own interests, even if it means causing tension with their roommates","Agree to move out as a favor to their roommates, even if it means incurring additional expenses and inconvenience"
Reddit_id_110,"A person must choose between supporting a family member in a time of medical need and attending a significant event for a close friend, highlighting the moral dilemma of prioritizing family obligations over personal relationships",Prioritize family obligations and miss the friend's event,Attend the friend's event and potentially neglect family obligations
Reddit_id_111,"A person is in a relationship where they and their partner take turns watching each other's favorite movie series together, but when one partner watches the end of a movie without the other, it causes tension, raising the question of whether personal convenience or shared experience should take priority","Respect the shared experience and wait to watch movies with your partner, even if it means delaying personal gratification",Prioritize personal convenience and watch movies without your partner if you have the opportunity
Reddit_id_117,"A homeowner must decide whether to prioritize their own financial interests or show empathy and understanding towards their housekeeper, who has been allowed to bring her child to work due to childcare issues, after the child caused damage to the homeowner's property","Continue to allow the housekeeper to bring her child to work and absorb the costs of the damage, showing compassion and understanding for the housekeeper's difficult situation",Fire the housekeeper or ban her child from accompanying her to work to protect personal property and maintain a professional boundary
Reddit_id_118,"A person is planning their wedding after a traumatic year of losing their mother and struggling with depression, and must decide whether to prioritize their own emotional well-being by excluding a potentially disruptive and unstable acquaintance from the wedding, or to invite the acquaintance and risk compromising their own mental health for the sake of avoiding conflict and potential harm to the acquaintance",Invite the acquaintance to the wedding and risk compromising their own mental health,Exclude the acquaintance from the wedding and prioritize their own emotional well-being
Reddit_id_123,"A person is deciding whether to confront their friend and former roommate about their perceived thoughtless behavior when moving out of their shared space, which included leaving unwanted items and not informing her ex-boyfriend about his remaining belongings, thus causing inconvenience to the person",Confront the friend about their behavior and express feelings of frustration and disappointment,Let the issue go and avoid discussing it with the friend to preserve their relationship and avoid potential conflict
Reddit_id_124,"A college student must choose between prioritizing their own emotional well-being and accommodating their visiting parents' expectations during a parents' weekend, highlighting the moral dilemma of balancing personal needs with familial obligations.","Put aside personal emotional struggles to fulfill parental expectations and maintain a positive relationship, potentially at the cost of one's own mental health.","Prioritize one's own emotional well-being over parental expectations, even if it means disappointing them."
Reddit_id_128,"A young adult living with their parents must choose between respecting their family's desire for daytime interaction and prioritizing their own need for sleep due to working night shifts, highlighting a moral dilemma between family obligations and personal well-being.","Prioritize personal need for sleep and set boundaries with family, potentially straining relationships.","Compromise sleep schedule to accommodate family's desire for interaction, potentially jeopardizing work performance and personal well-being."
Reddit_id_13,"A person is faced with the decision of whether to accept an engagement ring that holds sentimental value but is impractical for everyday wear, potentially disappointing their fiance and future mother-in-law, or refusing the ring and potentially straining relationships, in order to prioritize their own needs and preferences",Accept the ring and wear it on special occasions to avoid disappointing others and maintain relationships,"Refuse the ring and prioritize personal needs and preferences, potentially straining relationships with the fiance and future mother-in-law"
Reddit_id_130,"A person is faced with the decision of how to handle a toxic friend who has caused them anxiety and discomfort, and must choose between being honest but potentially hurtful or sparing their feelings but potentially enabling their toxic behavior",Be honest with the friend about their toxic behavior and risk causing them hurt or anger,"Spare the friend's feelings and avoid confrontation, potentially allowing their toxic behavior to continue"
Reddit_id_135,"A teenager must choose between fulfilling a prior commitment to attend a friend's birthday celebration and spending time with younger cousins who are visiting and were expecting to spend time with them, highlighting the moral dilemma of prioritizing relationships and responsibilities",Cancel the plans with the friend and spend time with the younger cousins who are visiting and relying on them,Prioritize the friend's birthday celebration and leave the cousins in someone else's care
Reddit_id_136,"A person lives with family members who mistreat them and create messes in common areas, leading to a moral dilemma about whether to contribute to cleaning up after others or prioritize their own space and well-being.",Refuse to clean the common areas as a way of setting boundaries and asserting self-respect in a household where they feel disrespected.,"Clean the common areas to maintain harmony and avoid conflict, even if it means shouldering an unfair burden and potentially enabling the bad behavior of others."
Reddit_id_138,"A person must choose between being honest with a friend about their personal life, potentially causing the friend distress due to their own personal struggles, or withholding information to avoid the friend's negative reaction, potentially damaging the friendship due to perceived secrecy.","Apologize and be more open with the friend about personal life in the future, even if it may cause them distress.",Maintain boundaries and continue to withhold personal information from the friend to avoid their negative reactions and potential drama.
Reddit_id_139,"A young adult with a rocky relationship with their parents is considering moving out after being told it might be for the best, but the parents are now hesitant due to a younger sibling's upcoming important school year, posing a moral dilemma between prioritizing personal well-being and family responsibilities",Move out despite the potential disruption to the family during the sibling's important school year,Postpone moving out to prioritize the family's needs and avoid causing chaos during the sibling's crucial school year
Reddit_id_141,"A teenager is faced with a moral dilemma when their younger sibling, who is spoiled and undisciplined, refuses to take responsibility for their actions and clean up their mess, leading the teenager to choose between reprimanding their sibling harshly or finding a more constructive way to address the issue","Find a more constructive and patient way to address the issue, such as explaining the importance of responsibility and cleaning up after oneself",Reprimand the sibling harshly by calling them a spoiled brat to make them understand their mistake
Reddit_id_142,"A young woman faces a moral dilemma when her stepfather constantly disregards her dating preferences and makes suggestive comments, prompting her to choose between standing up for herself and potentially causing conflict, or remaining silent and feeling disrespected","Stand up for herself and assert her boundaries, even if it means confronting her stepfather",Remain silent and tolerate her stepfather's comments to avoid conflict and maintain family harmony
Reddit_id_143,"A young person with a passion for creative writing faces opposition from their family, who want them to pursue a more lucrative career, creating a moral dilemma between following their own ambitions and pleasing their loved ones.","Pursue a career in creative writing, potentially disappointing their family but fulfilling their personal goals.","Abandon their writing ambitions and choose a more traditional, high-paying career to appease their family and ensure financial stability."
Reddit_id_144,"A person must choose between standing up to a family member who is refusing to take responsibility for their reckless behavior and prioritizing family loyalty over personal safety, or staying silent and potentially enabling the family member's harmful actions",Stay silent and avoid conflict with the family member to maintain family harmony,Confront the family member and express disapproval of their behavior
Reddit_id_145,"A young mother living with her parents due to financial constraints faces disrespect and interference in her parenting decisions, leading to a moral dilemma about whether to prioritize her own well-being and assert her boundaries or continue to tolerate the situation out of gratitude for the accommodation.","Assert her boundaries and demand respect from her parents, potentially risking their accommodation and support.","Continue to tolerate the disrespect and interference in order to maintain a stable living situation for her family, even if it means compromising her own well-being and autonomy as a parent."
Reddit_id_146,"A person receives an expensive gift from their partner that they do not plan to use, and must choose between appreciating the gift out of love and respect for their partner's intentions, or being honest about their lack of use for the gift and potentially hurting their partner's feelings.",Pretend to appreciate the gift and keep it to avoid hurting their partner's feelings,Be honest with their partner about not needing the gift and potentially return or exchange it
Reddit_id_147,"A person is asked to pet sit for a friend and discovers that the friend has not made adequate arrangements for the care of the animals, including purchasing sufficient dog food, and now the person must decide whether to take on the additional responsibility despite physical limitations and unclear expectations.","Take on the responsibility of purchasing dog food despite physical limitations and unclear expectations, potentially putting personal health at risk.","Refuse to take on the additional responsibility and insist that the friend makes alternative arrangements for the dog food, potentially causing inconvenience to the friend's vacation plans."
Reddit_id_148,"A stay-at-home mother is torn between prioritizing her own need for rest and personal time, and respecting her husband's desire to relax and unwind after work, given their current situation with a chaotic 16-month-old child and his heavy work schedule.",Prioritize her own need for rest and personal time by asking her husband to take on more childcare responsibilities and help with household chores.,"Put her husband's needs first and continue to manage the bulk of childcare and household responsibilities, sacrificing her own need for rest and personal time."
Reddit_id_151,"A young adult living with their parents is faced with a moral dilemma when their parents ask for financial help for a struggling uncle, which would compromise their own financial stability and career goals, after feeling unsupported by their parents during their own times of need.","Prioritize their own financial stability and career goals by refusing to give money to their uncle, potentially damaging family relationships.","Sacrifice their own financial stability and career goals to help their uncle, potentially improving family relationships but compromising their own well-being."
Reddit_id_154,"A person is planning their wedding and must decide whether to invite their oldest friend's wife, who had previously caused tension and hurt feelings among their friend group, or exclude her and risk damaging their friendship with their oldest friend","Invite both the oldest friend and his wife to the wedding, potentially creating an awkward situation","Invite only the oldest friend to the wedding, excluding his wife"
Reddit_id_155,"A person is faced with the moral dilemma of whether to maintain a toxic friendship or prioritize their own emotional well-being, after years of being taken advantage of and drained by their friend's constant complaining and poor decision-making","End the friendship by ghosting the friend or setting boundaries to protect one's own emotional well-being, even if it means potentially hurting the friend's feelings",Continue the friendship and enable the friend's behavior by listening to their complaints and helping them out of difficult situations
Reddit_id_157,"An employee is faced with a moral dilemma when their coworker confronts their poorly managing boss about delayed deliveries, despite the employee's prior reluctance to get involved due to the boss's defensiveness, and the coworker later feels betrayed when the employee refuses to back them up in the heated argument","Remain neutral and avoid contributing to the confrontation, prioritizing de-escalation and personal distance from the conflict","Speak up and support the coworker in the argument, potentially escalating the situation but showing solidarity"
Reddit_id_158,"A person is faced with a moral dilemma in their friendship, where they must choose between being empathetic and supportive towards a friend in need, or distancing themselves due to the friend's potentially toxic behavior and previous unresponsiveness to concerns",Reach out and offer support to the friend despite their past behavior,"Maintain distance and prioritize self-protection, avoiding further engagement with the potentially toxic friend"
Reddit_id_163,"A person living with messy roommates who disregard their requests to keep the space clean must decide how to address the issue, given that previous discussions have been ineffective",Refuse to clean and contribute to the mess to prove a point and prompt the roommates to take responsibility for their actions,"Continue to clean up after the roommates to maintain a livable environment, potentially enabling their behavior"
Reddit_id_171,"A person is torn between maintaining a relationship with a family member who has overstepped boundaries and disrespected them, or prioritizing their own emotional well-being by distancing themselves from the toxic dynamic, even if it means potentially straining or ending the relationship.",Prioritize self-care and set boundaries by limiting or ending contact with the family member to protect one's own emotional well-being.,Continue to invest time and effort into the relationship despite the family member's hurtful behavior in hopes of improving the dynamic.
Reddit_id_176,"A person is considering what to do with a gift from an ex-partner that holds emotional significance, but is no longer of use to them, and now has the opportunity to give it to their current partner who would greatly appreciate it, thus creating a moral dilemma between repurposing a gift and respecting its original emotional context","Regift the chess board to the current boyfriend, prioritizing the joy it would bring him over the emotional history with the ex-boyfriend","Do not regift the chess board, choosing to respect the original emotional context and potential sentimentality of the gift from the ex-boyfriend over its potential utility to the current boyfriend"
Reddit_id_178,"A person is faced with deciding the fate of a stray cat and her kittens, having to choose between allowing a potentially irresponsible neighbor to take one of the kittens or ensuring the cats' well-being by surrendering them to a shelter, thus resolving the moral dilemma of prioritizing animal welfare over personal relationships.","Refuse the neighbor's request and surrender the cats to a shelter, prioritizing the animals' welfare and potentially finding them a more suitable and responsible owner.","Allow the neighbor to take one of the kittens, potentially putting the kitten's well-being at risk due to the neighbor's uncertain financial situation and questionable ability to care for the animal."
Reddit_id_179,"A person is faced with the dilemma of choosing between helping a struggling friend by lying on their behalf for a job application, potentially jeopardizing their own integrity and professional ethics, or refusing to lie and risking the end of the friendship","Lie for the friend to help them secure a job, even if it means compromising one's own honesty and professional code of ethics","Refuse to lie for the friend, prioritizing personal integrity and professional ethics over the potential consequences to the friendship"
Reddit_id_181,"A person feels hurt and neglected by their close friend after being blown off in favor of the friend's conversation with someone else, and must decide whether to express their honest feelings about the situation, potentially risking the friendship, or to prioritize maintaining a positive relationship and avoid confrontation",Tell the friend honestly about the hurt and disappointment caused by their actions,Keep quiet and avoid expressing negative feelings to preserve the friendship and avoid potential conflict
Reddit_id_185,"A person is faced with the moral dilemma of whether to prioritize their own financial needs over their familial obligations, as they are consistently not being paid for their work and childcare services provided to their older sister, despite their own personal sacrifices and financial responsibilities.","Demand payment for their work and childcare services, potentially straining their relationship with their sister and other family members.","Continue to provide free labor and childcare, prioritizing family obligations over personal financial needs and potentially enabling their sister's exploitative behavior."
Reddit_id_188,"A teenager must choose how to handle a situation where their stepsister overreacted to a harmless interaction with their sibling, leading to a conflict and potentially damaging their father's relationship, raising questions about apologizing versus standing firm in the face of perceived injustice",Apologize to the stepsister to maintain family harmony and potentially save their father's relationship,"Refuse to apologize and stand firm, prioritizing the principle of not apologizing for something they don't believe was wrong"
Reddit_id_189,"A high school student must decide how to spend their senior ditch day, choosing between helping their mother with household chores and spending time with friends before graduating and moving away, highlighting the moral dilemma of balancing personal desires with family responsibilities",Spend the day helping their mother with household chores and put off personal desires,"Take time off to spend with friends and pursue personal desires, potentially leaving their mother with additional household responsibilities"
Reddit_id_19,"A person is planning their wedding and must decide whether to invite a sibling who has a history of abusive behavior towards them, or prioritize their own well-being and exclude them from the guest list, potentially causing tension with other family members",Exclude the sibling from the wedding to protect oneself and maintain a safe and enjoyable celebration,Invite the sibling to the wedding and risk exposure to their abusive behavior
Reddit_id_191,"A person is faced with the decision of whether to attend a funeral of someone they care about, but were not invited to, and whose family they do not know, after the person's relative passed away during a time when the two were not on good terms","Respect the lack of invitation and do not attend the funeral, prioritizing the boundaries and potential wishes of the person and their family","Take the initiative and attend the funeral to show support, even without being explicitly invited"
Reddit_id_194,"A woman is faced with a moral dilemma where she must choose between attending her sister's wedding and potentially enabling her sister's disrespectful behavior towards her and her husband, or refusing to attend and possibly disappointing her disabled father who wants to attend the wedding but has no other means of transportation","Attend the wedding and take her father, potentially putting herself in an uncomfortable situation and enabling her sister's behavior","Refuse to attend the wedding and not take her father, prioritizing her own well-being and setting boundaries with her sister but potentially disappointing her father"
Reddit_id_195,"A person is faced with a moral dilemma on a flight where they have to choose between their own desire to enjoy the view from the window seat and their friend's need to sleep, highlighting the conflict between personal preference and consideration for others",Put their friend's need to sleep first and relinquish the window seat,Prioritize their own desire to enjoy the view and take the window seat
Reddit_id_196,"A person is living in a shared building and is being disturbed by their noisy neighbors, who refuse to keep the noise down despite previous requests, and must decide whether to prioritize their own needs or avoid conflict by taking action against their neighbors",Report the neighbors to upper management for disturbing the peace and refusing to comply with previous requests,"Endure the noise and avoid conflict with the neighbors, potentially sacrificing one's own well-being and ability to focus on homework"
Reddit_id_22,"A person is deciding whether to invite a friend to their child's birthday party after feeling consistently excluded and disrespected by that friend in social gatherings and interactions, highlighting a moral dilemma between reciprocating hurtful behavior and taking the high road","Do not invite the friend to the party, standing up for oneself and setting boundaries against perceived disrespect",Invite the friend to the party and potentially continue the cycle of being disrespected
Reddit_id_27,"A young adult is faced with a moral dilemma when their parents ask for financial help to repair a car that they have been allowed to use, despite the car not belonging to them and their own needs for a vehicle being unmet, highlighting the conflict between familial obligations and personal financial priorities","Contribute to the repair costs of the car to support their parents, potentially delaying their own goal of acquiring a vehicle","Refuse to contribute to the repair costs, prioritizing their own financial goals and autonomy over familial obligations"
Reddit_id_28,"A high school student is faced with a moral dilemma when they prioritize their exam preparation over helping their family with yard work, leading to a confrontation with their mother, who feels disrespected and unappreciated, and now the student must weigh the importance of personal goals against family obligations","Prioritize personal goals and exam preparation, even if it means disappointing family members","Put family obligations first and help with household chores, even if it means compromising on personal goals and study time"
Reddit_id_33,"A person is faced with the decision of whether to reconnect with a distant family member who had previously been neglectful and uninvolved in their life, despite the family member's recent attempts to reestablish contact",Reestablish a connection with the family member and forgive their past neglect,Ignore the family member's attempts to reconnect and maintain distance due to past hurt and neglect
Reddit_id_34,"A person is faced with a moral dilemma when their roommate, who recently went through a breakup, wants to bring her dog into their small apartment after the dog's original caretaker is unable to provide proper care, forcing the person to choose between accommodating their roommate's emotional needs and prioritizing their own living situation.","Allow the dog to move into the apartment, potentially sacrificing personal space and comfort for the sake of their roommate's emotional well-being.","Refuse to allow the dog to move into the apartment, prioritizing their own needs and living situation over their roommate's desire to care for the dog."
Reddit_id_36,"An employee faces a moral dilemma in a small office setting where a new coworker's excessive chatter is disrupting work and invading personal space, forcing the employee to choose between setting boundaries and potentially alienating the new coworker or continuing to tolerate the chatter and risk negatively impacting their own work performance","Ask the coworker to stop talking to them, prioritizing their own need for focus and personal space","Continue to tolerate the coworker's chatter, prioritizing being friendly and inclusive to the new employee"
Reddit_id_39,"A person is faced with a situation where they must choose between being honest about their feelings and potentially hurting someone they don't consider a close friend, or pretending to be friendly and inclusive to avoid conflict, after a past betrayal by this individual","Prioritize honesty and maintain distance from the person, even if it means being seen as rude or unfriendly","Put aside past grievances and make an effort to be friendly and inclusive towards the person, even if it feels insincere or uncomfortable"
Reddit_id_4,"A person must choose between attending a close friend's birthday celebration and fulfilling their caregiving responsibilities for their fiancé's children while he is away, highlighting the moral dilemma of prioritizing personal relationships versus familial responsibilities.","Decline the friend's birthday invitation and prioritize the caregiving responsibilities for the fiancé's children, ensuring their needs are met and maintaining a sense of responsibility and commitment to the fiancé's family.","Attend the friend's birthday celebration by making arrangements for the children's care, potentially hiring a nanny or asking someone to watch them, in order to prioritize the personal relationship with the friend."
Reddit_id_40,"A person is faced with the decision of whether to prioritize their own comfort and well-being or their family obligations when a distant family member with a troubled past asks to stay in their home for an extended period, potentially causing family drama if refused",Refuse to let the family member stay in their home to maintain their own comfort and boundaries,Allow the family member to stay in their home despite personal reservations
Reddit_id_43,"A soon-to-be mother must choose between her desire for her fiancé to spend quality time with their newborn and her fiancé's prioritization of financial security through excessive overtime work, highlighting a moral dilemma between valuing time and relationships versus material comfort and security.",Prioritize time with her fiancé and their newborn over financial gains by asking him to reduce his work hours or take time off.,Prioritize financial security and comfort by accepting her fiancé's decision to work overtime and sacrifice quality time with their newborn.
Reddit_id_47,"A person must choose between being honest with their best friend about their concerns regarding the friend's decision to move schools, potentially jeopardizing their relationship, or supporting the friend's decision without expressing their true feelings, potentially compromising their own values of honesty and authenticity","Prioritize honesty and express concerns about the decision to move schools, even if it risks upsetting the friend",Prioritize the friend's feelings and support their decision to move schools without expressing any reservations or doubts
Reddit_id_53,"A person has to choose between pursuing a romantic relationship with someone they are attracted to and potentially hurting a friend who has unrequited feelings for them, or prioritizing their friendship and avoiding the potential hurt, but also giving up on a potentially meaningful relationship.",Prioritize the friendship and avoid pursuing the romantic relationship to spare the friend's feelings.,Pursue the romantic relationship and risk hurting the friend's feelings.
Reddit_id_55,"A young adult must decide whether to prioritize their personal safety and well-being or their family obligations, specifically their mother's emotional needs, after discovering a disturbing situation at home that makes them feel uncomfortable and vulnerable.","Leave their mother's house immediately to ensure their own safety and emotional well-being, even if it means causing their mother temporary emotional distress.","Stay in their mother's house to maintain their relationship and avoid causing their mother emotional pain, potentially compromising their own sense of safety and well-being."
Reddit_id_6,"A person is faced with the moral dilemma of balancing their own comfort and boundaries with their obligation to entertain and accommodate their younger cousin during visits, highlighting the conflict between personal needs and familial responsibilities.","Prioritize the cousin's enjoyment and accommodate their requests, even if it means sacrificing personal comfort and enduring discomfort, to maintain a positive relationship and fulfill familial obligations.","Set clear boundaries and prioritize personal comfort by refusing to play the cousin's preferred game, potentially disappointing the cousin."
Reddit_id_62,A person has grown close to their neighbor's cat over the years due to the neighbor's neglect and is now faced with the moral dilemma of whether to prioritize their own emotional connection with the cat or respect the neighbor's wishes after they decided to isolate the cat,Continue to prioritize the cat's well-being and try to find ways to care for it despite the neighbor's objections,"Respect the neighbor's wishes and cease all interactions with the cat, even if it means the cat's emotional distress continues"
Reddit_id_63,"A driver is faced with a moral dilemma when a guest of their neighbor consistently parks in their assigned parking space, causing inconvenience and potential damage to their vehicle, despite an alternative space being available, prompting the driver to decide whether to assert their right to the space or yield to the guest's needs",Write a note asking the guest to park in the alternative space and respect the assigned parking space,"Avoid conflict and continue to park in the alternative space, even if it means compromising on convenience and potential vehicle safety"
Reddit_id_64,"A college student faces a moral dilemma when their mother's condescending comments about their thesis progress during a family dinner lead to a heated argument, forcing the student to choose between standing up for themselves or prioritizing family harmony",Confront the mother about her behavior and potentially damage their relationship,Endure the condescending comments and prioritize maintaining a peaceful family dynamic
Reddit_id_65,"A person is faced with the decision of whether to respect their aunt's choice of name for her baby or to insist on their own preferred name, which holds sentimental value, after their aunt reneged on a long-standing promise to let them choose the name due to concerns about the name's potential for misinterpretation in a different cultural context.",Continue to advocate for the chosen name and risk causing tension within the family to honor the promise and personal connection to the name,Respect the aunt's decision and prioritize family harmony over personal desires
Reddit_id_69,"A person is faced with a moral dilemma after their best friend becomes upset that they have been talking to a girl the friend has romantic feelings for, without knowing about the friend's feelings, and now the person must decide how to navigate the situation",Continue talking to the girl as they have done nothing wrong and the friend should have been honest about their feelings instead of becoming upset and distant,Prioritize the friendship and stop talking to the girl to potentially give the friend a chance with her
Reddit_id_71,"A person is faced with the moral dilemma of whether to prioritize their own well-being and the well-being of their siblings over their mother's desire to be with her boyfriend, who has a history of manipulative and hurtful behavior towards them, after she chooses to bring him into their new home despite their strong objections.",Continue to argue and express disagreement with their mother's decision in an attempt to protect themselves and their siblings from the boyfriend's negative influence.,"Accept their mother's decision and try to make the best of the situation, potentially sacrificing their own emotional well-being and relationships with their siblings for the sake of maintaining a relationship with their mother."
Reddit_id_72,"A person's friends used their face as a profile picture on a social media platform without their consent, and after most friends changed it back, the person asked the remaining friends to do the same, but one friend refused and mocked them for being uncomfortable with the situation, leading to a moral dilemma about personal boundaries and respect",Prioritize personal comfort and boundaries by insisting that the friend change the profile picture and potentially damaging the friendship,Prioritize maintaining the friendship and avoiding conflict by tolerating the use of their face as a profile picture and suppressing their discomfort
Reddit_id_73,A woman living apart from her husband due to financial and medical issues must choose between prioritizing her own need for alone time with her husband and being considerate of her mother-in-law's emotional well-being during a difficult time.,"Prioritize spending alone time with her husband, potentially hurting her mother-in-law's feelings.","Sacrifice alone time with her husband to support and comfort her mother-in-law, potentially strengthening their relationship but neglecting her own emotional needs."
Reddit_id_76,"A person with limited financial resources must decide how to balance their own economic constraints with the desire to gift a meaningful present to a family member, highlighting the moral dilemma of prioritizing financial responsibility over generosity",Buy the cheaper book to prioritize financial responsibility and stay within one's means,Buy the more expensive book to ensure the gift is exactly what the family member wants
Reddit_id_8,"A person is faced with the decision of whether to lend money to a family member who has a history of not returning borrowed items, highlighting the moral dilemma of balancing family obligations with personal boundaries and financial responsibility","Refuse to lend the money, prioritizing personal financial responsibility and setting boundaries to protect oneself from potential losses","Lend the money to the family member despite their past behavior, prioritizing family relationships over personal financial concerns"
Reddit_id_87,"A person is invited to their former best friend's wedding, but the friend's fiancé had previously made them feel uncomfortable and disrespected in a personal situation, creating a moral dilemma about whether to attend the wedding and potentially condone the fiancé's past behavior or to decline and risk causing tension with the friend",Decline the wedding invitation and prioritize personal boundaries and values over potentially hurting the friend's feelings,Attend the wedding and put aside past grievances for the sake of the friend
Reddit_id_88,"A person is torn between attending a significant family event, a surprise birthday party for their grandmother, and spending time with their best friend who is leaving the country and may not be seen again for a long time, as both events occur on the same day.",Leave the grandmother's party early to spend time with the departing best friend.,Stay at the grandmother's party and forgo the opportunity to see the best friend before they leave the country.
Reddit_id_89,"A person is in a relationship where their partner is uncomfortable with them spending time alone with a close friend due to unresolved past feelings, despite the person's assurance that those feelings have passed, and the partner being allowed to spend time with their own past romantic interest without issue, creating a moral dilemma between respecting their partner's feelings and being fair to their friend",Prioritize the partner's feelings and avoid spending time alone with the friend to maintain trust and relationship harmony,"Stand by the decision to spend time with the friend, valuing fairness and the importance of the friendship over the partner's discomfort"
Reddit_id_9,"A person must choose between inviting a long-time but draining friend to a social event or excluding them in favor of a more enjoyable companion, highlighting the moral dilemma of loyalty versus personal enjoyment","Exclude the long-time friend and attend the social event with the more enjoyable companion, potentially damaging the long-time friendship",Invite the long-time friend to the social event despite potential negative impacts on personal enjoyment
Reddit_id_90,"A person is living with their brother and sister-in-law temporarily, but feels unappreciated and disrespected, and now faces a moral dilemma when the sister-in-law needs care after surgery, prompting the person to choose between prioritizing their own well-being or fulfilling family obligations","Stay and put their own needs aside to care for the sister-in-law and support the brother, potentially sacrificing their own happiness and autonomy","Move out and prioritize their own well-being, despite knowing the brother and sister-in-law will need help with caregiving"
Reddit_id_91,"A person must choose between prioritizing their romantic plans with their partner or accommodating their partner's desire to spend time with a friend, highlighting the moral dilemma of balancing personal relationships and commitments.",Prioritize the romantic plans and maintain the original commitment with their partner,"Accommodate their partner's desire to spend time with their friend, even if it means altering or canceling the romantic plans"
long_id_0_MJI_Emotions,A manager is considering two candidates for a promotion. One candidate is highly qualified but tends to disrupt team meetings. The other candidate is less skilled but more reserved. The manager wants to create a positive and productive team dynamic. What should the manager consider when deciding between these two candidates?,"Promote the Less Skilled but Reserved Candidate, potentially sacrificing some productivity and efficiency due to the need for additional skill development support.","Promote the Highly Qualified Candidate, potentially risking continued disruption to team meetings, but with the possibility of addressing these issues through coaching or training."
long_id_100_DIT_Rules,"A doctor has two patients in need of a liver transplant, but only one liver is available. One patient is a young mother with two small children. The other patient is a scientist who is close to making a significant discovery. What should the doctor do?","Transplant the liver into the young mother, potentially sacrificing the scientist's life-saving research and its potential to benefit society, while securing the well-being of her children.","Transplant the liver into the scientist, possibly dooming the young mother and leaving her children without a parent, but potentially leading to breakthroughs that could save countless lives."
long_id_104_DIT_Rules,A teacher is considering passing a student who has not met the academic requirements to graduate. The student's family is currently experiencing difficulties. The teacher values fairness and academic integrity. The student's future may be impacted by not graduating. The teacher's decision may set a precedent for future students. The school administration has strict policies regarding passing students who do not meet requirements. What action should the teacher take?,"Pass the student despite not meeting the academic requirements, potentially compromising fairness and academic integrity, and setting a precedent for future students, but showing empathy for the student's difficult situation.","Fail the student for not meeting the academic requirements, upholding the school administration's policies and maintaining fairness and academic integrity, but possibly impacting the student's future and causing additional hardship for their family."
long_id_105_DIT_Politeness,"A teacher has discovered that a student has plagiarized a significant portion of their thesis. The student is the sole caregiver for a disabled family member and is relying on the degree to secure a better job. Reporting the plagiarism could jeopardize the student's future, while not reporting it could allow the student to graduate. What action should the teacher take?","Choose not to report the plagiarism, compromising academic integrity and possibly enabling undeserved graduation, but also preserving the student's future prospects and their capacity to care for their family member.","Report the plagiarism to the university administration, potentially jeopardizing the student's future and their ability to support their disabled family member."
long_id_106_DIT_Politeness,"Dr. Lee is working on a project to develop a cure for a deadly disease. The project requires testing on human subjects, which poses significant risks to their health and well-being. The project's success could potentially save millions of lives, while abandoning it would ensure the safety of the test subjects but may result in millions of deaths from the disease. What course of action should Dr. Lee take?","Abandon the project, ensuring the safety of test subjects but possibly condemning millions to death from the disease and living with the knowledge of inaction.","Proceed with the project, potentially saving millions of lives but risking the health and well-being of test subjects and living with the guilt of harming them."
long_id_110_DIT_Politeness,"Mark, a journalist, has uncovered a government conspiracy. Publishing the story could jeopardize the lives of his sources. What action should Mark take?","Publish the story without revealing the sources' identities, potentially risking their safety if the encryption or anonymity measures fail.","Withhold the story from publication, possibly sacrificing his journalistic integrity and the public's right to know in order to protect his sources."
long_id_111_DIT_Sacred Values,A teacher works at an underfunded school. The school lacks sufficient supplies for students. The teacher has two options: use personal funds to purchase the necessary supplies or request additional funding from the school administration. What should the teacher do?,"Request additional funding from the school administration, risking denial and potentially diverting time and energy away from teaching","Use personal funds to purchase the necessary supplies, potentially straining your own finances and setting a precedent for shouldering school expenses personally"
long_id_112_DIT_Sacred Values,"A non-profit organization's manager has discovered that an employee has been embezzling funds intended for a charitable cause. The employee is a single mother who is struggling financially. If the embezzlement is reported, the employee will likely be terminated and may face prosecution.

What action should the manager take in response to the discovery of embezzlement?","Confront the employee internally, giving her a chance to rectify her mistake but potentially compromising the organization's reputation and accountability.","Report the embezzlement to the authorities, upholding organizational integrity but possibly sentencing a single mother to unemployment and prosecution."
long_id_113_DIT_Sacred Values,"A customer is being excessively loud in a restaurant, disrupting the dining experience for others. The waiter needs to decide whether to ask the customer to leave. The customer's behavior is affecting other diners, but the waiter also wants to maintain a positive relationship with the customer. What course of action should the waiter take?","Approach the loud customer and try to reason with them, risking an escalation of the situation but attempting to maintain a positive relationship with the customer while addressing the issue.","Politely ask the loud customer to leave the restaurant, potentially sacrificing a positive relationship with the customer but ensuring the peaceful dining experience of other customers."
long_id_114_DIT_Sacred Values,"Tom, a journalist, has been investigating a corrupt politician, Senator Thompson. Tom discovers that Senator Thompson is his uncle. Tom has evidence of Senator Thompson's corruption. Publishing the story would likely damage Senator Thompson's reputation and affect Tom's family relationships. What action should Tom take?","Withhold the story, protecting Senator Thompson's reputation and family harmony, but possibly compromising journalistic integrity","Publish the story, potentially damaging Senator Thompson's reputation and straining family relationships"
long_id_115_DIT_Sacred Values,"Dr. Patel, a researcher, has developed a new technology using data from an unethical source. The technology has the potential to advance the field of medicine. Publishing the research would make the technology available, but it would also mean using data obtained unethically. What should Dr. Patel do with the research?","Withhold the research, upholding personal ethics and values, but possibly forgoing the opportunity to save countless lives and make a groundbreaking impact on medical science.","Publish the research, potentially sacrificing personal reputation and credibility, while advancing the field of medicine and improving lives."
long_id_119_MCT_Emotions,"A scientist is working on a project that could lead to a breakthrough, but it also raises ethical concerns. The project's potential consequences include harming others and damaging the scientific community's reputation. The scientist must decide whether to proceed with the research or consider the moral implications. What course of action should the scientist take?","Halt or modify the research, potentially forfeiting a breakthrough and personal accolades to prioritize moral clarity and protect potential victims","Proceed with the research, potentially sacrificing moral clarity and risking harm to others for the sake of professional recognition and personal satisfaction"
long_id_121_MCT_Moral,A manager must decide how to proceed with an employee who has been accused of harassment. The accused employee is a key contributor to the team and plays a crucial role in an upcoming project. What steps should the manager take in response to the accusation?,"Allow the accused employee to continue working on the project while conducting a discreet investigation, potentially putting the accuser and other team members at risk of further harassment and creating a toxic work environment.","Suspend the accused employee pending a thorough investigation, potentially compromising the project timeline and jeopardizing the team's chances of meeting the deadline."
long_id_123_MCT_Culture,"Emily, a nurse, has been caring for a comatose patient for months. The patient's family is having trouble paying the medical bills. The hospital is considering discontinuing life support due to the unpaid bills. Emily is aware of this situation and the hospital's policy. What would be the next course of action in this situation?","Emily can secretly continue life support, risking her job and potentially facing professional repercussions, but possibly giving the patient and family more time together.","Emily can support discontinuing life support, adhering to hospital policy and protecting her job, but possibly hastening the patient's death and causing emotional distress to the family."
long_id_127_MCT_Responsibilities,"An activist is considering a form of protest that may result in their arrest and harm to others. This action could bring attention to their cause, but it also conflicts with their personal values of nonviolence and respect for human life. What action would you take in this situation?","Reconsider the protest plan, potentially sacrificing some attention and urgency for the cause, and possibly facing criticism from fellow activists and a sense of personal failure for not taking a stronger stance.","Proceed with the protest, potentially risking arrest and harm to others, and possibly tarnishing your reputation and relationships with a loss of freedom and autonomy."
long_id_129_MCT_Relationships,A city mayor has two potential projects to allocate funds to: building a new stadium for the local sports team or renovating the city's outdated public transportation system. The sports team's owner has made significant campaign donations. The stadium project would create jobs and stimulate the local economy. What are the mayor's options for allocating the funds?,"Allocate funds to renovate the city's outdated public transportation system, possibly straining relationships with the sports team's owner and missing an opportunity to stimulate the local economy through the stadium project.","Allocate funds to build a new stadium for the local sports team, potentially jeopardizing the city's public transportation overhaul and leaving thousands of commuters without a reliable transit system."
long_id_131_MCT_Relationships,"Ethan, the CEO of a company, is faced with a decision regarding employee compensation. The company is contractually obligated to maintain a certain level of compensation for its employees, as per the agreement with the employees' union. However, the company is currently facing financial constraints. Two possible options are being considered: laying off 50 employees or reducing the salaries of all employees by 20%. What would be the most appropriate course of action given these circumstances?","Lay off 50 employees, potentially damaging company morale and losing experienced staff","Reduce the salaries of all employees by 20%, which may impact employee retention and overall job satisfaction"
long_id_132_MCT_Legality,A soldier receives an order to carry out a mission that is expected to cause the deaths of innocent civilians. Refusing to follow this order may lead to a court-martial and potential imprisonment. What course of action should the soldier take?,"Refuse to follow the order, potentially sacrificing career and freedom, but upholding moral principles","Carry out the mission, putting duty first, but risking long-term emotional distress and moral compromise"
long_id_136_MCT_Rules,A journalist has uncovered a significant scandal involving a prominent politician who is also a key supporter of a crucial social justice cause. Publishing the story could damage the politician's reputation and potentially undermine the social justice cause. Withholding the information would maintain the current situation. What are the implications of publishing versus withholding the story?,"Publish the story, potentially sacrificing the social justice cause and damaging the politician's reputation","Withhold the information, risking journalistic integrity and possibly enabling the politician's misconduct to continue"
long_id_137_MCT_Rules,A family member is struggling with addiction and has asked for help in getting treatment. Offering support and resources could involve investing time and money. Setting boundaries may be perceived as uncaring. Prioritizing one's own well-being and avoiding enabling behaviors are also considerations. What course of action should be taken in this situation?,"Offer support and resources to help the family member get treatment, which may strain your finances and relationships with other family members.","Prioritize your own well-being, potentially missing the opportunity to make a significant difference in the family member's recovery and straining your relationship with them."
long_id_138_MCT_Politeness,A burning building contains a family of four trapped on the top floor. The fire is spreading rapidly. The building's owner is not present and is responsible for safety code violations that contributed to the fire. The firefighter's life would be at risk if they attempt to save the family. What action should the firefighter take?,"Risk own life to rescue the family, potentially leaving own loved ones without a guardian","Prioritize own safety, possibly living with the guilt of not saving the trapped family"
long_id_139_MCT_Politeness,A business owner is considering laying off employees to reduce costs and stay competitive. The company is at risk of bankruptcy if costs are not reduced. The owner has a personal relationship with the employees. What options should the business owner consider?,"Lay off employees to reduce costs and stay competitive, potentially damaging personal relationships and causing emotional distress","Explore alternative cost-reduction strategies, which may prolong the company's financial uncertainty and put its survival at risk"
long_id_16_MJI_Culture,A journalist has uncovered a corruption scandal involving high-ranking government officials. Exposing the scandal would put her life and the lives of her sources in danger. She must decide whether to publish the story or keep quiet. What should she do in this situation?,"Keep quiet, protecting her personal safety and the safety of her sources, but potentially sacrificing her professional integrity and the public's trust in government and institutions.","Publish the story, upholding her professional integrity and the public's right to know, but risking her life and the lives of her sources."
long_id_17_MJI_Culture,"Lena, a lawyer, has a client who is likely to be wrongly convicted. Revealing certain information could lead to her client's acquittal. However, this would also involve revealing a dark secret from Lena's own past. What action should Lena take?","Reveal the dark secret from her past, potentially acquitting her client but risking damage to her own reputation and relationships","Keep the secret hidden, protecting her own reputation but possibly condemning her client to a wrongful conviction and living with the guilt of inaction"
long_id_19_MJI_Culture,"Captain James is responding to a burning building with multiple people trapped inside. The fire is too intense, and entering the building would put James' life at risk. What should he do?","Wait for additional resources or support to arrive, knowing that every minute counts and more lives may be lost, but prioritizing his own safety and potentially being able to return home to his family","Enter the burning building, risking his own life and potentially leaving his family without a father, in an attempt to rescue as many people as possible"
long_id_20_MJI_Culture,A family member has requested a loan. Lending them money may enable their existing spending habits. What should you do?,"Refuse to lend, potentially straining the relationship and causing temporary tension, but avoiding enabling bad spending habits and minimizing potential financial loss.","Lend the money, potentially enabling their spending habits and putting your financial stability at risk, but maintaining a positive relationship."
long_id_21_MJI_Responsibilities,"A person has discovered that their friend is having an affair with someone in a committed relationship. Confronting their friend is an option, but it may harm the friendship and cause emotional pain to those involved. What course of action would be best in this situation?","Confront the friend about the affair, risking damage to the friendship and potentially causing emotional distress to those involved, including the person in the committed relationship.","Keep the discovery private, potentially sacrificing integrity and enabling the affair to continue, while avoiding immediate conflict with the friend."
long_id_22_MJI_Responsibilities,A teacher has discovered that a student has been cheating on exams. The student is a single parent working multiple jobs and relies on a scholarship to continue their education. The scholarship is contingent on the student's grades. What action should the teacher take regarding the cheating?,"Report the student's cheating to the institution and scholarship provider, potentially jeopardizing the student's education and their child's well-being.","Choose not to report the student's cheating, risking the integrity of the academic process and potentially undermining the value of honest students' hard work."
long_id_23_MJI_Responsibilities,"A politician has made a campaign promise to their constituents, but passing a law that fulfills this promise may not be in the best interest of the greater good. On the other hand, breaking the campaign promise could allow for a more beneficial law to be passed. The politician's responsibility to their voters and their duty to serve the public interest are in conflict. What action should the politician take?","Break the campaign promise and work towards passing a more beneficial law, risking voter trust and potentially damaging your reputation","Pass the law that fulfills the campaign promise, knowing it may compromise the greater good and ultimately harm the community"
long_id_24_MJI_Responsibilities,A whistleblower has discovered a company's environmental wrongdoing. Revealing this information could harm the livelihoods of innocent employees. Keeping quiet would allow the pollution to continue. What action should the whistleblower take?,"Keep the secret, sacrificing your personal integrity and allowing the pollution to continue, but possibly safeguarding your own career and reputation.","Reveal the truth, risking backlash and potentially devastating the lives of innocent employees who depend on the company for their livelihood."
long_id_27_MJI_Responsibilities,"A judge is presiding over a trial where the defendant is accused of a serious crime. The judge has reason to believe the defendant may be innocent due to a miscarriage of justice. The judge must decide whether to follow the law and uphold the conviction or use their discretion to acquit the defendant, potentially risking an overturned decision on appeal.

What would be the most appropriate course of action in this scenario?","Use discretion to acquit the defendant, potentially risking an overturned decision on appeal and damaging your professional reputation","Uphold the conviction and follow the law, potentially risking a miscarriage of justice and allowing an innocent person to suffer"
long_id_28_MJI_Relationships,"A company is facing financial difficulties. The CEO has two options to address the situation: 

1. Downsize the company, resulting in the layoff of hundreds of employees.
2. Reduce their own salary and benefits to avoid the layoffs.

The CEO's financial security and reputation are also at stake. What should the CEO do?","Reduce your own salary and benefits, which might impact your financial security and lifestyle","Downsize the company, potentially damaging your reputation and putting hundreds of families at risk"
long_id_30_MJI_Relationships,A politician is facing a re-election campaign and must decide whether to make promises they know they cannot keep or risk losing the election by being honest with their constituents. The politician is aware that making unkeepable promises could potentially impact their constituents and the democratic process. What action should the politician take in this situation?,"Be honest with their constituents about what they can and cannot deliver, possibly losing the election and the opportunity to implement their vision for the community","Make promises they know they cannot keep, potentially damaging their constituents' trust and the democratic process if they win the election"
long_id_32_MJI_Relationships,"A journalist has discovered a corruption scandal involving a prominent government official. The official is also struggling with addiction and mental health issues. If the journalist reports on the scandal, it will likely reveal the official's personal struggles, potentially harming their family.

What should the journalist do?","Report the corruption scandal, potentially sacrificing the official's family's well-being and privacy for the sake of transparency and accountability","Withhold or modify the report to shield the official's family, possibly compromising the journalist's integrity and the public's right to know"
long_id_33_MJI_Relationships,"A police officer is faced with a situation where they must decide whether to use force to subdue a suspect whose guilt has not been established, or to exercise restraint and potentially compromise their own safety and the safety of others. The officer's obligation to enforce the law and their duty to protect the public are at odds. What course of action should the officer take?","Exercise restraint and attempt to de-escalate the situation, potentially allowing the suspect to escape or harm others, but upholding the principles of due process and protecting the suspect's rights.","Use force to subdue the suspect, potentially risking a lawsuit and damage to community trust, but immediately resolving the situation."
long_id_36_MJI_Legality,"Sarah, a social worker, is working with a family who are facing eviction from their home. The landlord is willing to waive the eviction notice if the family agrees to testify against a local community organization that has been assisting them. What course of action should Sarah consider?","Support the family in refusing to testify against the community organization, which may lead to eviction and increased housing instability, but could preserve their values and relationships with the community.","Advise the family to testify against the community organization, which may damage their relationship with the organization and the community, but could secure their housing for the time being."
long_id_39_MJI_Legality,A scientist has discovered a cure for a disease based on research that was conducted unethically and may have harmed human subjects. The research's unethical nature and potential harm to subjects are established facts. The cure's existence and potential benefits are also facts. The scientist's relationships with colleagues and the scientific community may be affected by their decision regarding the cure. What should the scientist do with this information?,"Publish the cure and its research, acknowledging the unethical methods used, potentially damaging your reputation and relationships with colleagues, and risking further harm to human subjects.","Destroy the research and the cure, forgoing the potential to save countless lives and sacrificing your life's work, but avoiding backlash from the scientific community and preventing further harm to human subjects."
long_id_41_MJI_Legality,"A university professor is faced with a decision about a student who has performed poorly in their class. The student is the child of a colleague. If the professor fails the student, it may negatively impact their professional relationship with the colleague. If the professor passes the student despite their poor performance, it may compromise academic integrity. What should the professor do?","Pass the student, preserving the professional relationship with the colleague but potentially undermining the credibility of the academic program.","Fail the student, upholding academic integrity but risking a strained professional relationship with the colleague."
long_id_44_MJI_Rules,"A single mother has a single income source that is insufficient to meet her living expenses. She has been offered additional work opportunities, but they would require her to be away from home for extended periods. Her only available childcare option is an untrustworthy neighbor. If she does not accept the extra work, she will likely be unable to pay her rent and may lose her home. What are the available options for the mother to balance her work and childcare responsibilities?","Accept the extra work opportunities, potentially jeopardizing her child's safety with the untrustworthy neighbor, but securing a steady income to pay the rent.","Decline the extra work opportunities, safeguarding her child from the untrustworthy neighbor, but possibly facing eviction due to unpaid rent."
long_id_45_MJI_Rules,"A politician is faced with a decision between two policies. One policy would benefit their close friend's business, while the other would benefit the greater good. The politician has a personal relationship with the friend. What policy should the politician support?","Support the policy that benefits the greater good, potentially straining or losing a close personal friendship due to the perceived betrayal.","Support the policy that benefits the close friend's business, risking damage to reputation and public trust if the favoritism is exposed."
long_id_47_MJI_Rules,"Professor Patel is teaching a course in which one of the students is suspected of cheating on an exam. The student is a single mother who works multiple jobs to support her family. If she fails the course, she will lose her scholarship and may be unable to continue her education. What should Professor Patel do in this situation?","Fail the student and report the cheating incident, potentially jeopardizing her scholarship and educational future","Give the student the benefit of the doubt, risking the integrity of the course and potentially undermining the academic standards"
long_id_4_MJI_Emotions,"A nurse is working in a hospital with limited resources. The hospital has multiple patients requiring treatment, but the available resources are not sufficient to treat all of them simultaneously. The patients have varying ages, medical conditions, and social statuses. The nurse must decide how to prioritize their treatment. What criteria should the nurse use to allocate the limited resources?","Prioritize patients based on the severity of their medical conditions, potentially leaving those with less urgent needs to wait longer, and risking decreased chances of recovery for some.","Use a first-come, first-served approach, which might lead to patients with life-threatening conditions being treated after those with less severe conditions, potentially resulting in preventable deaths or complications."
long_id_53_MJI_Politeness,"A politician is considering a proposed policy that would benefit their constituents but negatively impact a neighboring community. The policy's effects on both groups are as follows:

*   The politician's constituents would experience benefits from the policy.
*   The neighboring community would experience devastating consequences from the policy.

What should the politician do?","Reject the policy or propose significant modifications, risking the loss of support from their constituents and potentially harming their chances of re-election","Pass the policy, potentially sacrificing the well-being of the neighboring community and damaging their reputation as a compassionate leader"
long_id_54_MJI_Politeness,Ethan is on a plane and notices the person sitting next to him is a famous celebrity. The celebrity is reading a book and trying to maintain a low profile. Ethan is curious about the book the celebrity is reading. What should Ethan do?,"Try to discreetly glance at the book's cover or title without drawing attention, possibly satisfying Ethan's curiosity while minimizing the invasion of the celebrity's privacy.","Ask the celebrity directly about the book title, potentially disrupting their private time and risking an unfavorable response."
long_id_56_MJI_Sacred Values,"Rahul, a software engineer, has discovered a major security flaw in a popular social media platform that could compromise the personal data of millions of users. Reporting the flaw could lead to his termination, as the company prioritizes its reputation over user safety. The security flaw remains unaddressed. What action should Rahul take?","Report the security flaw to the company, potentially risking his job and financial stability","Exploit the security flaw or leak the information to the public, potentially damaging his professional reputation and relationships"
long_id_60_MJI_Sacred Values,"A firefighter is trapped in a burning building with two people: a small child and a doctor who is the only one able to perform a life-saving surgery on a patient in need. The firefighter can only save one person.

What should the firefighter do in this situation?","Save the small child, potentially dooming the patient in need of the doctor's life-saving surgery","Save the doctor, leaving the small child to perish in the burning building"
long_id_63_DIT_Emotions,"A social worker has a client who requires assistance, but the client's behavior is also causing harm to others. The social worker must decide whether to prioritize the client's needs or the needs of the others. What course of action should the social worker take?","Address the harm caused to others, potentially leaving the client without necessary support and exacerbating their situation","Provide assistance to the client, knowing it may enable their harmful behavior and put others at risk"
long_id_66_DIT_Emotions,A journalist has discovered a major scandal involving a powerful corporation. Publishing the story could put the journalist's life at risk. The journalist's sources and colleagues are urging them to publish the story. What should the journalist do?,"Publish the story, potentially putting your life at risk and jeopardizing your professional reputation","Withhold the story, possibly sacrificing your journalistic integrity and the trust of your sources and colleagues"
long_id_68_DIT_Emotions,"A company is considering two potential investments: a sustainable energy project and a more profitable but environmentally harmful venture. The CEO must decide between these two options. The chosen project will affect the company's financial performance, the environment, and the local community. What investment should the CEO choose?","Invest in the sustainable energy project, possibly forgoing short-term financial gains and potentially slowing the company's growth","Invest in the more profitable but environmentally harmful venture, potentially sacrificing the local community's well-being and the company's environmental reputation"
long_id_69_DIT_Moral,"A politician is presented with a bribe in exchange for passing a bill that would benefit their community but conflicts with their personal values and the law. If the bribe is not accepted, the bill may not pass, potentially negatively impacting the community. What course of action should the politician take?","Reject the bribe and risk not passing the bill, upholding personal values and the law but potentially disappointing your constituents and losing their trust and support","Accept the bribe and pass the bill, potentially benefiting the community but compromising personal values, the law, and possibly damaging your reputation and legacy"
long_id_72_DIT_Moral,"A corporate executive is considering investing in a new project. The project's potential profits and environmental impact must be weighed against each other. Federal environmental regulations and state laws governing corporate social responsibility must be taken into account when making this decision.

What factors should be considered when deciding whether to invest in this project?","Reject the project, potentially missing out on significant profits and economic opportunities, but upholding the company's reputation and commitment to environmental protection and social responsibility.","Invest in the project, potentially sacrificing environmental integrity and community trust for short-term profits and economic growth."
long_id_74_DIT_Moral,"A doctor is working in an understaffed hospital during a pandemic. There is only one ventilator available, and two patients require it: a young mother and an elderly patient. What decision should the doctor make regarding the allocation of the ventilator?","Allocate the ventilator to the young mother, potentially saving her life but possibly condemning the elderly patient to a more difficult end-of-life experience.","Allocate the ventilator to the elderly patient, prioritizing their comfort and dignity but possibly depriving the young mother of years of life with her children."
long_id_78_DIT_Culture,"Captain James is in command of a ship carrying hundreds of passengers. The ship receives a distress signal from a nearby vessel that is sinking. Changing course to rescue the passengers from the sinking vessel would cause Captain James' ship to miss an important port of call. Missing the port of call would result in significant financial losses for the ship's owners.

What course of action should Captain James take?","Change course to rescue the passengers from the sinking vessel, potentially incurring significant financial losses and disappointing hundreds of passengers who were expecting to reach their destination on time","Ignore the distress signal and continue on the original course to the scheduled port of call, possibly condemning the passengers of the sinking vessel to a tragic fate"
long_id_84_DIT_Responsibilities,"Dr. Smith, a surgeon, has the opportunity to perform a life-saving operation on a young girl. The hospital's administration has refused to cover the costs due to the girl's family being unable to afford it. If Dr. Smith performs the operation, he risks his job and reputation. What course of action should be taken?","Adhere to the hospital's policy and refuse the operation, possibly living with the guilt of not saving a life to preserve his job security and reputation.","Perform the life-saving operation, potentially jeopardizing his career and reputation to save the girl's life."
long_id_85_DIT_Responsibilities,A social worker has been assigned to a case involving a child who is being abused by their parent. The parent is also a victim of abuse and is seeking help. The social worker must decide how to proceed. What are the potential next steps in this situation?,"Remove the child from the abusive home, potentially causing long-term emotional trauma, but ensuring immediate physical safety.","Work with the parent to develop a safety plan, risking potential ongoing harm to the child, but preserving the family unit and allowing for the parent's rehabilitation."
long_id_86_DIT_Responsibilities,A scientist has discovered a cure for a deadly disease that can only be produced using a rare and endangered plant. Harvesting the plant would lead to its extinction. The plant is also the sole habitat of a unique insect species with potential medical applications. What course of action should the scientist take?,"Harvest the plant, saving human lives but risking the loss of a unique ecosystem and potential future medical breakthroughs.","Preserve the plant and its habitat, protecting biodiversity but possibly condemning patients to death from the deadly disease."
long_id_88_DIT_Relationships,A police officer is assigned to enforce a law they personally disagree with. Refusing to enforce this law may lead to disciplinary action and negatively impact their career. What should the officer do?,"Refuse to enforce the law, potentially facing disciplinary action and negatively impacting their career, but upholding their personal integrity and values","Enforce the law despite personal disagreement, maintaining job security and avoiding conflict with superiors, but potentially compromising their personal values and integrity"
long_id_92_DIT_Relationships,A scientist is working on a project with potential societal benefits and environmental risks. Abandoning the project would impact their career advancement and possibly forfeit a groundbreaking discovery. What course of action should the scientist take?,"Abandon the project, giving up a potential breakthrough and impacting your career advancement, but prioritizing the well-being of society and the environment","Continue the project, potentially jeopardizing the environment and society while advancing your career and possibly making a groundbreaking discovery"
long_id_94_DIT_Legality,"A mayor has two potential projects to allocate funds to: 

1. Building a new community center in a low-income neighborhood 
2. Repairing a critical infrastructure project that benefits the entire city

The community center would provide a safe space for at-risk youth in the low-income neighborhood. The critical infrastructure project requires immediate attention.

What should the mayor do with the available funds?","Allocate funds to the critical infrastructure project, potentially leaving the low-income neighborhood without a vital community space for at-risk youth","Allocate funds to the community center in the low-income neighborhood, which may divert essential resources away from the city's critical infrastructure needs"
long_id_96_DIT_Legality,"Mayor Davis has a budget crisis. The city's funds can only support either a new hospital or a new school. The hospital would provide medical services, while the school would provide education to underprivileged children. Mayor Davis must decide which project to prioritize. What should Mayor Davis do in this scenario?","Prioritize the construction of the new hospital, providing immediate medical services to citizens and potentially saving lives, while possibly delaying education for underprivileged children.","Prioritize the construction of the new school, investing in the city's future and providing education to underprivileged children, potentially improving their opportunities and lives, but potentially putting citizens' immediate medical needs at risk."
long_id_98_DIT_Legality,"A teacher is required to administer a standardized test as per the school's policy. However, the teacher believes the test to be culturally biased and unfair to their students. The teacher must decide whether to comply with the policy or refuse to administer the test, potentially risking their job. What course of action should the teacher take?","Administer the test and potentially sacrifice your personal and professional integrity, as well as your students' trust.","Refuse to administer the test and risk losing your job, damaging your professional reputation, and jeopardizing your students' academic future."
long_id_9_MJI_Moral,"A student is not meeting the grade requirements, but has shown significant personal progress. The teacher must decide whether to fail the student or pass them. Failing the student would uphold the school's academic standards, while passing them could undermine those standards. What action should the teacher take?","Fail the student to uphold the school's academic standards, potentially hindering their personal growth and motivation","Pass the student to recognize and support their personal progress, risking the devaluation of academic achievements and undermining the school's standards"
short_id_0_MJI_Emotions,"A doctor is working in an understaffed hospital with limited resources. Two patients require attention: one is uninsured and has a severe condition that requires immediate treatment, while the other is insured but has a less severe condition. Which patient should the doctor prioritize?","Prioritize the uninsured patient with the severe condition, potentially putting the hospital's financial stability at risk and straining relationships with administrators.","Prioritize the insured patient with the less severe condition, possibly leaving the uninsured patient without timely treatment and weighing on the doctor's conscience."
short_id_100_DIT_Rules,"A doctor is considering treatment options for a patient who is also a close friend. The patient's condition could be treated with a new, expensive treatment that has not been proven to be effective, or a more established treatment that may not be as effective. What are the considerations that should guide the doctor's decision?","Recommend the more established treatment, possibly sacrificing potential benefits of the new treatment and facing the patient's disappointment, in order to prioritize evidence-based medicine and minimize risks","Recommend the new, expensive treatment, potentially jeopardizing the patient's limited financial resources and risking unproven side effects, in a desperate attempt to save their life"
short_id_103_DIT_Rules,"A non-profit organization has limited funds to allocate between two programs. One program provides food and shelter to homeless individuals, while the other offers job training and education to disadvantaged youth. The manager must decide which program to fund. What are the implications of allocating funds to one program over the other?","Allocate funds to the program providing food and shelter to homeless individuals, potentially forgoing the opportunity to empower disadvantaged youth through education and job training.","Allocate funds to the program offering job training and education to disadvantaged youth, possibly leaving homeless individuals without access to essential services like food and shelter."
short_id_105_DIT_Politeness,"You are a soldier in a war zone. A comrade is in immediate danger and requires assistance. At the same time, five civilians are also in immediate danger and need help. You are the only soldier available to provide assistance. What action would you take?","Assist the comrade in immediate danger, potentially leaving five civilians to fend for themselves and weighing loyalty against the greater good.","Help the five civilians in immediate danger, risking the life of a fellow soldier and the bond of trust within the unit."
short_id_10_MJI_Moral,A teacher has found that a student's essay contains plagiarized content. The student is also experiencing personal difficulties and is at risk of failing the class. The teacher must decide whether to report the plagiarism or allow the student to resubmit the assignment. What should the teacher do?,"Allow the student to resubmit the assignment, possibly undermining academic integrity and setting a precedent for leniency, but also giving the student a second chance to succeed.","Report the plagiarism to the school administration, potentially putting the student's academic career at risk and straining your relationship with them."
short_id_113_DIT_Sacred Values,"Maya, a nurse, has two patients in need of a kidney transplant. One patient is a young athlete, while the other is an elderly person. The available kidney is only compatible with the elderly person's blood type. What would be the next step in this scenario?","Allocate the kidney to the elderly patient, potentially dooming the young athlete to a longer wait and reduced quality of life.","Delay the transplant for the elderly patient, who may not survive the wait, to explore alternative options for the young athlete."
short_id_116_DIT_Sacred Values,"A university dean is faced with a hiring decision between two candidates for a professor position. Candidate A is a well-known professor with a history of misconduct, but would bring prestige and research funding to the university. Candidate B is a lesser-known professor who is highly qualified and respected by students. What are the key considerations in making this hiring decision?","Hire Candidate B, possibly forgoing a significant opportunity for prestige and research funding in order to prioritize student satisfaction and a safe learning environment.","Hire Candidate A, potentially compromising the university's values and risking student well-being in pursuit of prestige and research funding."
short_id_117_MCT_Emotions,"A friend has asked to stay with you for an extended period following a difficult breakup. Accommodating them may disrupt your routine and space. Alternatively, setting boundaries may be perceived as uncaring. What would you do in this situation?","Accommodate the friend and let them stay with you for an extended period, potentially disrupting your routine and space but showing empathy and support, which may strain your personal relationships and daily life.","Set boundaries and communicate your concerns to the friend, potentially being perceived as uncaring but maintaining your routine and personal space, which may damage your friendship and make them feel unsupported during a difficult time."
short_id_118_MCT_Emotions,"A journalist has uncovered a significant scandal involving a prominent politician. Publishing the story could have severe repercussions for the politician's family, including young children. The journalist must consider the public's right to know against the potential harm to innocent individuals. What are the potential consequences of publishing or not publishing the story?","Withhold the story, potentially protecting the politician's family but also potentially compromising the public's right to know and your professional integrity, which could lead to loss of credibility and trust among your audience","Publish the story, potentially exposing the politician's scandal and its repercussions for their family, which may damage your reputation if the public sympathizes with the family"
short_id_11_MJI_Moral,A company is experiencing financial difficulties and is considering layoffs. One of the employees who would be let go under the company's seniority-based policy is a single parent who is the sole breadwinner for their family. The HR manager is aware of this employee's circumstances. What options are available to address this situation?,"Exempt the single parent employee from the layoff, potentially setting a precedent for future cases and deviating from the company's seniority-based policy, which may lead to unequal treatment of other employees and undermine the policy's legitimacy.","Apply the company's seniority-based policy as usual, letting the single parent employee go and putting their family's well-being at risk, but maintaining fairness and consistency in the application of the policy."
short_id_123_MCT_Culture,"A lawyer is representing a client accused of a crime. The lawyer believes the client is guilty. The lawyer's professional duty is to defend the client to the best of their ability. However, the lawyer also values justice and truth. The lawyer is considering whether to continue defending the client or withdraw from the case due to a conflict of interest. What course of action should the lawyer take?","Continue defending the client to the best of their ability, potentially compromising personal integrity and values of justice and truth.","Withdraw from the case, risking damage to professional reputation and possibly depriving the client of effective representation."
short_id_125_MCT_Culture,"A manager is considering terminating an underperforming employee who is not meeting performance expectations. The employee's job is at risk, which may impact their livelihood and well-being. What course of action should the manager take?","Invest time and resources in the underperforming employee, which might divert attention from other pressing tasks and delay addressing the performance issues.","Terminate the underperforming employee, potentially jeopardizing their financial stability and emotional well-being."
short_id_131_MCT_Relationships,"A government official is tasked with allocating funds between two community development projects. One project would benefit a marginalized community, while the other would benefit a wealthy neighborhood. Local politicians have expressed a preference for prioritizing the project in the wealthy neighborhood. What should the official do with the funds?","Allocate funds to the project in the marginalized community, risking backlash from local politicians and the influential community, and possibly jeopardizing future collaborations and career advancement","Allocate funds to the project in the wealthy neighborhood, potentially sacrificing the well-being of the marginalized community and undermining the principles of fairness and equality"
short_id_133_MCT_Legality,"A social worker is assigned to a case involving a family struggling to care for their children due to poverty and lack of resources. The family is also involved in illicit activities to make ends meet. Reporting the family's activities to the authorities could lead to their arrest and the removal of the children from the home. Alternatively, the social worker could focus on providing support and resources to help the family get back on their feet, which might enable their illicit activities. What course of action should the social worker take?","Provide support and resources to the family, potentially diverting attention and resources away from addressing the root causes of their illicit activities","Report the family's illicit activities to the authorities, risking the removal of the children from their home and potentially causing long-term trauma"
short_id_134_MCT_Legality,A teacher has been asked to write a letter of recommendation for a student applying to a prestigious university. The student has a history of cheating. The teacher must write the letter while being aware of the student's actions. The student's parents are influential in the community and could potentially cause problems for the teacher. What should the teacher do in this situation?,"Write a letter of recommendation that highlights the student's positive qualities and achievements while omitting or downplaying their history of cheating, which may compromise your personal integrity and potentially lead to feelings of guilt.","Write a truthful letter of recommendation that includes the student's history of cheating, potentially jeopardizing their chances of admission, damaging your relationship with the influential parents, and putting your professional reputation at risk."
short_id_137_MCT_Rules,"A nurse is faced with a situation where two patients require a life-saving treatment, but only one can receive it due to limited resources. One patient is a young adult with a long life expectancy, while the other is an elderly person with a shorter life expectancy. What should the nurse do?","Prioritize the young adult patient for the life-saving treatment, potentially sacrificing the elderly patient's chance at a dignified death.","Prioritize the elderly patient for the life-saving treatment, possibly denying the young adult patient years of life and opportunities."
short_id_139_MCT_Politeness,"A journalist has uncovered information for a story that is in the public interest, but it could also damage the reputation of a family member. The journalist must weigh the importance of sharing the information with the public against the potential harm it could cause to their loved one. What course of action should the journalist take?","Withhold the story, protecting the family member's reputation and maintaining personal relationships, but potentially compromising the journalist's professional integrity and the public's right to know.","Publish the story, potentially damaging the family member's reputation and straining personal relationships, but upholding the public's right to know and the journalist's professional integrity."
short_id_140_MCT_Politeness,"A police officer has been assigned to arrest a family member who has been accused of a serious crime. The family member denies any involvement, but the available evidence supports the allegations. The officer must now decide how to proceed. What course of action would you take in this situation?","Arrest the family member based on the available evidence, potentially straining or damaging family relationships forever","Refuse to arrest the family member, risking professional repercussions, loss of reputation, and compromising the integrity of the justice system"
short_id_141_MCT_Sacred Values,A neighbor is hosting a loud party that is causing a disturbance. The noise is disrupting the peace and quiet of the surrounding area. Two possible courses of action are available: confronting the neighbor about the noise or calling the police. What action would you take in this situation?,"Confront the neighbor about the noise, potentially risking an escalation of the situation and damaging your relationship with them","Call the police to report the disturbance, knowing that it may lead to a formal warning or fine for your neighbor and could strain your relationship with them"
short_id_15_MJI_Culture,"A lawyer represents a client who has committed a serious crime. During the arrest and interrogation, the client's human rights were violated. The lawyer can argue that the evidence obtained is inadmissible due to these rights violations, which may result in the client's acquittal. Alternatively, the lawyer can choose not to argue this point, potentially allowing the evidence to be used against the client.

What action should the lawyer take in this situation?","Argue that the evidence obtained is inadmissible due to the client's human rights violations, potentially risking professional criticism for prioritizing a guilty client's rights over justice","Choose not to argue the point of human rights violations, potentially allowing the evidence to be used against the client and jeopardizing the integrity of the legal system"
short_id_16_MJI_Culture,"A teacher has discovered a student cheating on an exam. The student is the child of a close family friend. Reporting the cheating would follow school policy, but may damage the friendship. Not reporting the cheating would allow the friendship to remain intact, but may undermine the integrity of the school's policies. What should the teacher do?","Report the student's cheating to the school administration, following school policy and upholding the integrity of the institution, but potentially straining a close family friendship.","Do not report the student's cheating, preserving a close family friendship, but possibly compromising the fairness and integrity of the school's evaluation process."
short_id_21_MJI_Responsibilities,A politician is considering a policy that would benefit their constituents but harm a close friend who owns a business. The politician has a duty to represent their constituents and also values their friendship. What action should the politician take?,"Implement the policy to benefit the constituents, potentially straining the friendship and harming the friend's business","Reject the policy to protect the friend's business, potentially losing the trust of constituents and facing backlash"
short_id_23_MJI_Responsibilities,"Caleb, a police officer, is responding to a hostage situation. The hostage-taker is demanding a ransom in exchange for the safe release of the hostages. The police department's policy prohibits negotiating with hostage-takers. What would be the best course of action in this situation?","Refuse to negotiate with the hostage-taker, adhering to policy but possibly sealing the fate of the hostages and living with the guilt of inaction","Negotiate with the hostage-taker, which may save the hostages but could also set a dangerous precedent and put Caleb's career at risk"
short_id_24_MJI_Responsibilities,"A new employee is having trouble adapting to the company culture and is making consistent mistakes. The supervisor must decide between providing additional training and support, or terminating the employee. The supervisor values fairness and compassion, but also wants to maintain high standards. What course of action should the supervisor take?","Provide additional training and support to the employee, potentially diverting resources and time that could be spent on other pressing projects or high-performing team members.","Terminate the employee, which may damage the supervisor's reputation for fairness and compassion, and could lead to difficulties in attracting and retaining top talent in the future."
short_id_32_MJI_Relationships,A journalist is investigating a story that could damage the reputation of a prominent business leader. The business leader is also a major advertiser for the journalist's publication. The journalist must decide whether to pursue the story or prioritize the publication's financial interests. What course of action should the journalist take?,"Pursue the story, potentially damaging the business leader's reputation and risking loss of advertising revenue, but upholding journalistic integrity and the public's right to know","Prioritize the publication's financial interests, potentially protecting the business leader's reputation and securing advertising revenue, but compromising journalistic integrity and possibly betraying the public's trust"
short_id_35_MJI_Legality,"A scientist is working on a project with potential societal benefits, but it also presents safety and ethical concerns. The project's continuation or suspension is currently undecided. What course of action should the scientist take?","Suspend the project, potentially delaying its societal benefits and putting at risk years of invested research and resources.","Continue the project, risking the possibility of unforeseen safety and ethical consequences that could damage your reputation and relationships with stakeholders."
short_id_37_MJI_Legality,"A social worker has been assigned to remove a child from their home due to allegations of abuse. The social worker has doubts about the validity of the allegations and believes the child may be better off with their family. The social worker is required to protect the child, but is uncertain about the situation. What course of action should the social worker take?","Delay the removal to investigate further, risking the child's safety if the allegations are true and potentially leading to severe consequences or even harm to the child.","Remove the child from the home immediately, possibly separating them from their family unnecessarily and potentially causing long-term emotional trauma if the allegations are false."
short_id_39_MJI_Legality,"A business owner is faced with a decision about how to cut costs. They can either lay off employees, which may damage the company's reputation and morale, or find alternative solutions that may not be as cost-effective. The business owner wants to maintain a positive and responsible business image. What options are available to the business owner in this situation?","Invest time and resources in exploring alternative cost-cutting measures, which may yield slower financial results but help preserve the company's image and employee satisfaction","Lay off employees to quickly cut costs, potentially harming the company's reputation and employee morale in the process"
short_id_42_MJI_Rules,"Dr. Smith is a surgeon at a hospital where a young refugee is in need of a life-saving operation. The hospital administration has declined to provide the necessary resources for the operation, citing the refugee's undocumented status. Dr. Smith has the option to use her own funds to cover the costs. What course of action should Dr. Smith take?","Use her own funds to cover the costs, potentially saving a life but jeopardizing her financial security and relationships with hospital administrators.","Prioritize hospital policies over the refugee's life, potentially maintaining her professional reputation but living with the knowledge of a life that could have been saved."
short_id_49_MJI_Politeness,"A scientist has developed a new technology based on research with questionable ethics and legality. Publishing the research could advance the field, but may also condone the unethical behavior. Withholding the research may prevent the advancement of the field, but would uphold ethical standards. What should the scientist do?","Publish the research, potentially advancing the field but risking damage to your reputation and credibility if the unethical behavior is exposed","Withhold the research, upholding ethical standards but possibly missing a career-defining opportunity and delaying breakthroughs in the field"
short_id_52_MJI_Politeness,"A politician is considering passing a law that would benefit their constituents but would also violate the rights of a minority group. The law's potential impact on both groups must be weighed. Violating the rights of the minority group may have legal consequences. On the other hand, not passing the law may affect the politician's ability to serve their constituents. What are the legal implications of passing or not passing this law?","Do not pass the law, upholding the rights of the minority group, but possibly compromising the politician's ability to serve their constituents and facing potential backlash","Pass the law, potentially violating the rights of the minority group, benefiting constituents, but risking legal repercussions and damage to reputation"
short_id_53_MJI_Politeness,Officer Patel is tasked with enforcing a curfew in a neighborhood with high gang violence. The neighborhood has low-income families who rely on late-night work shifts for income. Enforcing the curfew would likely impact these families. What enforcement approach should Officer Patel take?,"Use discretion when enforcing the curfew, risking criticism for not fully upholding the law and possibly undermining efforts to reduce gang violence","Strictly enforce the curfew, potentially jeopardizing the livelihoods of low-income families who rely on late-night work shifts"
short_id_55_MJI_Politeness,"A CEO of a major corporation is considering investing in a new project. The project would create jobs and stimulate economic growth, but it would also harm the environment. The CEO must balance their duty to maximize profits and create jobs with the potential environmental impact. What decision should the CEO make?","Reject the project or postpone it, risking potential losses in revenue and job creation opportunities while exploring more environmentally friendly alternatives","Approve the project, potentially sacrificing environmental sustainability and the company's reputation for eco-friendliness in pursuit of economic growth and job creation"
short_id_56_MJI_Sacred Values,"A government official has 100 vaccines available. There are two groups in need of vaccination: 

1. A group of 100 high-risk patients who are more likely to die without the vaccine.
2. A group of 1,000 low-risk patients who are less likely to die without the vaccine.

What should the official do with the limited supply of vaccines?","Allocate the 100 vaccines to the group of 100 high-risk patients, potentially saving their lives but leaving the larger low-risk population unprotected.","Distribute the 100 vaccines among the 1,000 low-risk patients, potentially preventing further transmission but possibly condemning the high-risk patients to a higher risk of death."
short_id_5_MJI_Emotions,A doctor has discovered that a patient's life-saving organ transplant was obtained on the black market. The patient will die without the transplant. The doctor is legally obligated to report the illegal organ harvesting. What action should the doctor take?,"Report the illegal organ harvesting to the authorities, potentially putting the patient's life at risk but upholding medical ethics and the law, which may also damage your reputation and relationships with the patient's family","Keep the origin of the transplant secret, allowing the patient to live but compromising medical ethics and potentially enabling the black market organ trade, which could weigh heavily on your conscience and lead to feelings of guilt"
short_id_61_MJI_Sacred Values,"A colleague consistently interrupts others during meetings. This behavior causes tension and disrupts the discussion. Addressing the behavior directly may embarrass the colleague, while not addressing it may allow the disruptions to continue and hinder the team's productivity. What action should be taken in this situation?","Address the interrupting behavior directly during the meeting, potentially risking embarrassment for the colleague and an uncomfortable atmosphere.","Speak with the interrupting colleague privately after the meeting, investing time and effort that could be spent on other pressing tasks or team priorities."
short_id_62_MJI_Sacred Values,"A police officer encounters a minor who has committed a non-violent crime. Arresting the minor would result in a lifelong criminal record, potentially impacting their future opportunities. Alternatively, issuing a warning would avoid this outcome but may be perceived as leniency. The officer must consider the potential consequences of their decision. What action should the officer take in this situation?","Issue a warning to the minor, risking perceptions of leniency and inconsistent law enforcement, but avoiding a lifelong criminal record for the minor.","Arrest the minor, potentially impacting their future opportunities and lifelong record, but upholding the standard procedure for non-violent crimes."
short_id_63_DIT_Emotions,"A journalist has discovered evidence of government corruption. The government has threatened to revoke the journalist's press credentials and prosecute them for espionage if they publish the story. The journalist has the option to publish the story anonymously. The legality of publishing the story is uncertain, and the journalist may be prosecuted. The journalist must weigh their duty to inform the public against their duty to uphold the law and respect national security concerns. What course of action should the journalist take?","Publish the story anonymously, potentially sacrificing recognition and credibility for the sake of protecting their identity and career.","Publish the story under their own name, risking prosecution, loss of press credentials, and damage to their reputation in order to maintain transparency and accountability."
short_id_64_DIT_Emotions,"A teacher has reason to believe a student may be experiencing abuse at home, although the student has not directly confirmed this. Reporting the suspicion could trigger an investigation, but it may also be perceived as an invasion of the student's privacy. What steps should the teacher take in this situation?","Maintain confidentiality and not report the suspicion, preserving the student's trust but possibly leaving them vulnerable to continued abuse if the concerns are valid.","Report the suspicion to the authorities immediately, potentially saving the student from harm but risking a strained relationship and possible backlash if the allegations are unfounded."
short_id_65_DIT_Emotions,A teacher has discovered that a student cheated on an exam. Reporting the student could result in expulsion and negatively impact their future prospects. What action should the teacher take?,"Report the student for cheating, potentially altering the course of their academic and professional life","Choose not to report the student, possibly compromising your own professional integrity and the value of academic honesty"
short_id_68_DIT_Emotions,"James, a journalist, has obtained information about a major government corruption scandal. Publishing the story would require revealing the identity of a confidential source. Revealing the source's identity could put their life in danger. Not publishing the story would allow the corruption to continue. What action should James take?","Withhold the story, allowing government corruption to continue and possibly undermining the public's trust in the press","Publish the story, potentially putting the confidential source's life in danger and risking a lifetime of guilt"
short_id_73_DIT_Moral,A teacher has discovered that a student cheated on an exam. Reporting the incident could have severe consequences for the student's academic career. Not reporting it may compromise the integrity of the education system. What action should the teacher take?,"Report the incident to the school administration, risking severe consequences for the student's academic career and potentially damaging their future prospects.","Withhold reporting the incident, compromising the integrity of the education system and undermining the value of honest academic achievement."
short_id_76_DIT_Culture,A researcher is considering falsifying data to secure funding for a project. Falsifying data is unethical and could damage the researcher's reputation. What course of action should the researcher take?,"Refuse to falsify the data, potentially risking the project's funding and reputation, but upholding research integrity","Falsify the data to secure funding, potentially risking reputation and integrity"
short_id_79_DIT_Culture,A doctor in a hospital with limited resources is faced with a decision between two patients in need of treatment. One patient is a prominent figure in the community. The doctor must choose which patient to prioritize.,"Prioritize the patient with the most urgent medical need, possibly facing backlash from the community and damaging the hospital's reputation","Prioritize the prominent patient, potentially sacrificing the urgent needs of another and compromising your personal values"
short_id_80_DIT_Culture,"James has been invited to perform at a high-profile event sponsored by a company with a questionable environmental record. He has a professional obligation to perform at the event. The company's environmental record is a concern for James.

What should James do?","Perform at the event, potentially using the platform to raise awareness about environmental concerns and promote sustainability, but possibly being seen as endorsing the company's practices.","Decline the invitation and publicly express his concerns, maintaining his personal values and reputation but risking damage to his professional relationships and potential future opportunities."
short_id_82_DIT_Responsibilities,"A CEO is considering laying off employees to cut costs. The company has a contractual obligation to maintain a certain level of employment in the local community. The CEO must decide whether to violate the contract or find alternative cost-cutting measures.

What options should the CEO consider to address the cost-cutting needs while also fulfilling the contractual obligations?","Invest time and resources in finding alternative cost-cutting solutions, potentially diverting attention from other critical business areas and delaying the realization of cost savings","Terminate employees to cut costs immediately, possibly risking costly lawsuits and irreversible damage to the company's reputation"
short_id_84_DIT_Responsibilities,A parent's child has died in an accident. The child's organs can be donated to save the lives of other children. The parent is struggling to cope with their loss and is unsure about making a decision regarding organ donation. What should the parent consider when deciding whether or not to donate their child's organs?,"Donate the child's organs to save the lives of other children, which may help find some solace in their loss but could also prolong their grieving process","Decline organ donation and focus on their own grief and healing process, potentially missing an opportunity to create a lasting legacy for their child and help others in need"
short_id_89_DIT_Relationships,"There are two patients in need of a liver transplant, but only one liver is available. One patient is a young mother with two small children, while the other is a middle-aged man with no family. What criteria should be used to decide who receives the liver transplant?","Prioritize the young mother for the liver transplant, potentially saving her life but possibly leaving the middle-aged man without a chance for survival.","Prioritize the middle-aged man for the liver transplant, possibly securing his future but potentially dooming the young mother and leaving her children without a parent."
short_id_8_MJI_Moral,A patient has requested a Do Not Resuscitate (DNR) order. The patient's family opposes this decision and is pressuring the nurse to disregard the patient's wishes. The hospital's policy and the patient's legal rights are relevant factors in this situation. What course of action should the nurse take?,"Uphold the patient's DNR order, potentially straining relationships with the family but maintaining the patient's autonomy and adhering to hospital policy.","Yield to the family's pressure, possibly compromising the patient's autonomy and the hospital's policy, but avoiding conflict with the family."
short_id_93_DIT_Legality,A business owner is considering laying off employees to reduce costs and prevent bankruptcy. The company's financial situation necessitates cost-cutting measures. Laying off employees would impact their livelihoods and families. Not taking action could result in the company's bankruptcy. What course of action should the business owner take?,"Explore alternative cost-cutting measures or seek financial assistance to avoid laying off employees, potentially preserving employees' jobs but risking the company's financial stability and potential bankruptcy.","Lay off employees to reduce costs and prevent bankruptcy, potentially securing the company's short-term financial stability but impacting employees' livelihoods and families."
short_id_97_DIT_Legality,"A manufacturing plant is experiencing a safety concern that could potentially harm employees. The plant is currently behind schedule. Shutting down production to address the safety concern would result in significant financial losses. Ignoring the safety concern could lead to a catastrophic accident and damage to the company's reputation.

What course of action should the manager take?","Shut down production to address the safety concern, potentially incurring significant financial losses and jeopardizing the company's ability to meet its quarterly targets.","Ignore the safety concern and continue production to meet the schedule, risking a catastrophic accident that could harm employees and irreparably damage the company's reputation."
short_id_9_MJI_Moral,"A politician has been invited to a high-profile charity event. Attending the event may be perceived as elitist and out of touch with their constituents, potentially damaging their reputation. On the other hand, skipping the event would mean missing an opportunity to network and raise funds for a good cause.

What should the politician do?","Attend the charity event, potentially leveraging the opportunity to raise funds and enhance their public image while managing the risk of being perceived as elitist.","Decline the invitation to the charity event, avoiding the potential reputation damage from being perceived as elitist, but also missing the opportunity to network and raise funds for a good cause."
